matrix_index,bvn_perms,bvn_cycle,bvn_runtime,bvn_matching,euler_heuristic_depth1_time,euler_heuristic_depth1_cycle,euler_heuristic_depth1_perms,euler_heuristic_depth1_planes,euler_heuristic_depth1_split,euler_heuristic_depth2_time,euler_heuristic_depth2_cycle,euler_heuristic_depth2_perms,euler_heuristic_depth2_planes,euler_heuristic_depth2_split,euler_heuristic_depth3_time,euler_heuristic_depth3_cycle,euler_heuristic_depth3_perms,euler_heuristic_depth3_planes,euler_heuristic_depth3_split,euler_heuristic_depth4_time,euler_heuristic_depth4_cycle,euler_heuristic_depth4_perms,euler_heuristic_depth4_planes,euler_heuristic_depth4_split
0,174,10149.0,2.7537481000181288,heavy_static,0.0177778999786824,10425.0,177,2,0.04072809999343008,0.11971850000554696,10916.0,186,4,0.2935391999781132,0.004232599982060492,12341.0,207,8,0.04146540001966059,0.002808599965646863,14100.0,246,16,0.05401189997792244
1,177,11409.0,0.03658190002897754,heavy_static,0.014545599988196045,11564.0,179,2,0.021577299979981035,0.007959799957461655,12420.0,187,4,0.03707290004240349,0.00404919998254627,13774.0,206,8,0.04663679999066517,0.0027831000043079257,15864.0,247,16,0.05654379999032244
2,177,10706.0,0.03774569998495281,heavy_static,0.016350399993825704,10813.0,178,2,0.018785699969157577,0.008705300046131015,11639.0,186,4,0.03436270001111552,0.0045495000085793436,12824.0,208,8,0.04429230000823736,0.00296920002438128,14784.0,245,16,0.05387120001250878
3,176,10457.0,0.03678990004118532,heavy_static,0.015145800018217415,10605.0,178,2,0.020042700052727014,0.008796700043603778,11089.0,186,4,0.033866999961901456,0.004257799999322742,12377.0,206,8,0.04477460001362488,0.0029482999816536903,14225.0,247,16,0.05010900000343099
4,174,10472.0,0.03794210002524778,heavy_static,0.015355800045654178,10843.0,177,2,0.017481699993368238,0.007880299992393702,11527.0,187,4,0.03315259999362752,0.004043799999635667,12762.0,204,8,0.043896199960727245,0.0028593000024557114,14738.0,243,16,0.05317799997283146
5,176,11508.0,0.03898730000946671,heavy_static,0.01673920004395768,11942.0,180,2,0.02342250000219792,0.008398000034503639,12754.0,188,4,0.036288000002969056,0.004040999978315085,13978.0,209,8,0.04835960001219064,0.002754499961156398,15823.0,250,16,0.060254499956499785
6,177,10190.0,0.04250179999507964,heavy_static,0.018883400014601648,10660.0,180,2,0.021922999992966652,0.008534500026144087,11238.0,187,4,0.03191479999804869,0.004281700006686151,12490.0,208,8,0.04201569996075705,0.0029792000423185527,14439.0,244,16,0.05360619997372851
7,179,10618.0,0.03721789998235181,heavy_static,0.014683499990496784,10852.0,180,2,0.020005700003821403,0.008417999953962862,11858.0,187,4,0.03516290005063638,0.004431300039868802,12927.0,205,8,0.04494130000239238,0.0027862999704666436,14855.0,247,16,0.05601550004212186
8,175,10693.0,0.03676320001250133,heavy_static,0.014584299991838634,10946.0,179,2,0.018731499963905662,0.008046999981161207,11517.0,186,4,0.03299560002051294,0.003922000003512949,12819.0,202,8,0.042983399995137006,0.0026855000178329647,14703.0,247,16,0.05456880002748221
9,178,11432.0,0.039670600031968206,heavy_static,0.016449599992483854,11693.0,182,2,0.01918240002123639,0.008088700007647276,12396.0,190,4,0.03615559998434037,0.003984699957072735,13788.0,209,8,0.047833000018727034,0.0025809999788179994,15711.0,246,16,0.05628499999875203
10,173,10334.0,0.03631080000195652,heavy_static,0.015617099998053163,10789.0,176,2,0.02089230000274256,0.008120100013911724,11296.0,185,4,0.03399369999533519,0.004088499990757555,12617.0,207,8,0.04353830002946779,0.0029126000008545816,14469.0,248,16,0.056205700035206974
11,175,10835.0,0.04046450002351776,heavy_static,0.017706000013276935,11272.0,178,2,0.020903700031340122,0.008132799994200468,11816.0,187,4,0.03673669998534024,0.0045854999916628,13156.0,206,8,0.04290900001069531,0.0026999000110663474,15102.0,248,16,0.05746059998637065
12,173,10757.0,0.04014380002627149,heavy_static,0.015936599986162037,10931.0,176,2,0.021146600018255413,0.008124700048938394,11615.0,184,4,0.036575799982529134,0.004282600013539195,12993.0,205,8,0.04777319997083396,0.002948199980892241,14724.0,248,16,0.05460420000599697
13,173,10438.0,0.03776169999036938,heavy_static,0.015127399994526058,10865.0,175,2,0.02059729996835813,0.00828499998897314,11275.0,184,4,0.033685099973808974,0.004497599962633103,12772.0,204,8,0.04331059998366982,0.0027129999944008887,14612.0,246,16,0.0556292999535799
14,175,9927.0,0.038981700025033206,heavy_static,0.015282300009857863,10290.0,176,2,0.01780159998452291,0.008371400006581098,11095.0,184,4,0.03074330004164949,0.0042619999730959535,12216.0,206,8,0.042955300014000386,0.0028980000060983002,14178.0,245,16,0.05401909997453913
15,175,11202.0,0.028868299967143685,heavy_static,0.01540730003034696,11301.0,178,2,0.02049480000277981,0.00842889997875318,12032.0,185,4,0.03251489996910095,0.004343000007793307,13232.0,205,8,0.043245700013358146,0.002729900006670505,15252.0,249,16,0.04903200000990182
16,176,10559.0,0.03719249996356666,heavy_static,0.015679000003729016,10886.0,181,2,0.019544399983715266,0.00814440002432093,11461.0,189,4,0.03298829996492714,0.004445999977178872,12921.0,207,8,0.04416679998394102,0.0028006999637000263,14526.0,252,16,0.053385899984277785
17,176,11335.0,0.036778500012587756,heavy_static,0.015115099959075451,11630.0,178,2,0.018874499946832657,0.007758799998555332,12190.0,187,4,0.03339940001023933,0.0040009000222198665,13779.0,209,8,0.043977599998470396,0.0028154999599792063,15480.0,246,16,0.05733360000886023
18,177,10770.0,0.028992599982302636,heavy_static,0.015331999980844557,10955.0,181,2,0.018893000029493123,0.00782880000770092,11604.0,188,4,0.03384619997814298,0.004215399967506528,13057.0,203,8,0.04247929999837652,0.0029374000150710344,14737.0,250,16,0.0541539000114426
19,174,10785.0,0.029096600017510355,heavy_static,0.015231599973049015,11149.0,179,2,0.01851849997183308,0.007725499977823347,11720.0,185,4,0.03451669996138662,0.004460400028619915,12938.0,207,8,0.0472839999711141,0.0030543000320903957,14846.0,246,16,0.056451299984473735
20,176,11090.0,0.03192969999508932,heavy_static,0.016552899964153767,11182.0,177,2,0.018304400029592216,0.010030200006440282,12066.0,187,4,0.037553399975877255,0.004632900003343821,13259.0,206,8,0.04880679998314008,0.0027891999925486743,15181.0,243,16,0.05249440000625327
21,174,10158.0,0.044939199986401945,heavy_static,0.015905799984466285,10452.0,176,2,0.019951800000853837,0.011485300026834011,10944.0,186,4,0.034363800019491464,0.0050694000092335045,12253.0,205,8,0.059364099986851215,0.003146599978208542,14018.0,246,16,0.061666499997954816
22,175,10524.0,0.04330429999390617,heavy_static,0.018808200024068356,11033.0,177,2,0.02404809999279678,0.008470600005239248,11547.0,185,4,0.03412040002876893,0.003920199989806861,12715.0,202,8,0.039208600006531924,0.002687299973331392,14625.0,243,16,0.05829840002115816
23,172,10615.0,0.03473939996911213,heavy_static,0.016322100011166185,10863.0,177,2,0.022154900012537837,0.007283399987500161,11225.0,184,4,0.03784889995586127,0.0044914999743923545,12527.0,205,8,0.049244900001212955,0.0026812999858520925,14457.0,250,16,0.055808600038290024
24,175,10544.0,0.030584099993575364,heavy_static,0.014918899978511035,10735.0,178,2,0.022872200002893806,0.008542600029613823,11644.0,189,4,0.03551820002030581,0.0036651999689638615,12662.0,208,8,0.045450400037225336,0.002885799971409142,14514.0,246,16,0.05083510000258684
25,174,10507.0,0.0257088000071235,heavy_static,0.014965099981054664,10917.0,177,2,0.018194600008428097,0.008631300006527454,11318.0,184,4,0.03490520000923425,0.004425399994943291,12634.0,207,8,0.04675480001606047,0.004966899985447526,14289.0,247,16,0.06218130001798272
26,176,10551.0,0.02728959999512881,heavy_static,0.029248000006191432,10914.0,181,2,0.028898300020955503,0.013417699956335127,11548.0,188,4,0.04106429999228567,0.005310000036843121,12680.0,203,8,0.05289290001383051,0.0044154999777674675,14509.0,247,16,0.060753799974918365
27,174,10771.0,0.029293600004166365,heavy_static,0.016279500036034733,10945.0,178,2,0.020580700016580522,0.0073651999700814486,11521.0,184,4,0.03412569995271042,0.004245700023602694,12903.0,204,8,0.04105840000556782,0.0029311999678611755,14590.0,243,16,0.051668699947185814
28,174,10855.0,0.03230449999682605,heavy_static,0.016941700014285743,11291.0,177,2,0.022581800003536046,0.009117400040850043,11986.0,187,4,0.039420199987944216,0.004904600034933537,13660.0,206,8,0.047302500053774565,0.0028584999963641167,15337.0,248,16,0.0590859999647364
29,176,10857.0,0.03354380000382662,heavy_static,0.018412900040857494,11383.0,182,2,0.02152900001965463,0.00877559999935329,11723.0,191,4,0.03802099998574704,0.0049307000008411705,12896.0,206,8,0.04521230002865195,0.00298700004350394,14890.0,247,16,0.052471799950581044
30,177,10635.0,0.03846779995365068,heavy_static,0.01591069996356964,11031.0,179,2,0.019382999977096915,0.008407000044826418,11672.0,187,4,0.034931100031826645,0.003874200046993792,12858.0,205,8,0.044576200016308576,0.003182100015692413,14941.0,246,16,0.05118619999848306
31,176,10899.0,0.02707180002471432,heavy_static,0.015126599988434464,11014.0,178,2,0.020482799969613552,0.007143799972254783,11713.0,187,4,0.03718270000535995,0.004115600022487342,12986.0,205,8,0.044011900026816875,0.003174400015268475,15200.0,247,16,0.05694939999375492
32,177,11051.0,0.0332236000103876,heavy_static,0.019464300014078617,11651.0,179,2,0.022392300015781075,0.007773699995595962,12045.0,188,4,0.03671429998939857,0.004618199949618429,13378.0,210,8,0.04941769997822121,0.0032912000315263867,15445.0,252,16,0.05840669997269288
33,177,11302.0,0.03067189996363595,heavy_static,0.015329199959523976,11395.0,180,2,0.023763799981679767,0.007641599979251623,12285.0,187,4,0.03582789999200031,0.0043326999875716865,13804.0,206,8,0.04731349996291101,0.002486599958501756,15433.0,246,16,0.053796299966052175
34,177,9878.0,0.03066029999172315,heavy_static,0.015305800014175475,10278.0,179,2,0.021022900007665157,0.008036900020670146,11044.0,187,4,0.0320437999907881,0.004106600012164563,12367.0,206,8,0.04483740002615377,0.0032279000151902437,14088.0,245,16,0.05394280003383756
35,173,10756.0,0.03550359996734187,heavy_static,0.016204999992623925,10985.0,176,2,0.018910300044808537,0.00796380004612729,11556.0,183,4,0.033967899973504245,0.004738499992527068,12868.0,205,8,0.04742650000844151,0.003022200020495802,14701.0,246,16,0.056030399980954826
36,176,10702.0,0.03000420000171289,heavy_static,0.017182000039611012,11194.0,177,2,0.019863499968778342,0.007416099950205535,11693.0,185,4,0.031212000001687557,0.0039425999857485294,12980.0,207,8,0.041885799961164594,0.0029977999511174858,14893.0,246,16,0.05272570002125576
37,174,10306.0,0.02984259999357164,heavy_static,0.015594399999827147,10773.0,178,2,0.020541800011415035,0.007134400017093867,11414.0,185,4,0.034443599986843765,0.004351000010501593,12602.0,204,8,0.03847900003893301,0.003158200008329004,14372.0,246,16,0.05410269997082651
38,176,10351.0,0.03176809998694807,heavy_static,0.01941660000011325,10646.0,177,2,0.020718100015074015,0.008182800025679171,11151.0,186,4,0.033141199965029955,0.0045328999985940754,12536.0,205,8,0.04492419998859987,0.002640600025188178,14427.0,244,16,0.04973310005152598
39,173,11137.0,0.027939600055105984,heavy_static,0.01581589999841526,11692.0,177,2,0.020978900021873415,0.0075804999796673656,12410.0,185,4,0.03364760003751144,0.0038422999787144363,13536.0,202,8,0.04545180004788563,0.0027239000191912055,15569.0,247,16,0.055073400028049946
40,175,10841.0,0.02751210000133142,heavy_static,0.014711400028318167,11015.0,177,2,0.019233200000599027,0.007325800019316375,11963.0,186,4,0.03178209997713566,0.003833900031168014,13010.0,205,8,0.044011700025293976,0.0027872000355273485,15042.0,247,16,0.05264419998275116
41,176,11361.0,0.03158460004488006,heavy_static,0.01844140002503991,11555.0,179,2,0.02224800002295524,0.008196800015866756,12139.0,186,4,0.03565289999824017,0.004133299982640892,13406.0,206,8,0.042501899995841086,0.002816899970639497,15272.0,248,16,0.05497610004385933
42,180,10779.0,0.032791499979794025,heavy_static,0.01425320003181696,10760.0,181,2,0.016897899971809238,0.008496900030877441,11313.0,189,4,0.03474390000337735,0.004592300043441355,12584.0,205,8,0.040435300034005195,0.0026812999858520925,14364.0,249,16,0.05163689999608323
43,175,10615.0,0.02382869995199144,heavy_static,0.013903099985327572,11146.0,179,2,0.016584700031671673,0.008889799995813519,11650.0,186,4,0.031578099995385855,0.003772700030822307,12805.0,206,8,0.038374199997633696,0.0027897999971173704,14930.0,246,16,0.048509899992495775
44,172,10592.0,0.025874399987515062,heavy_static,0.013283100037369877,11111.0,177,2,0.016822599980514497,0.008870700024999678,11677.0,185,4,0.032802200003061444,0.0037190000293776393,12973.0,204,8,0.03926210000645369,0.002369499998167157,14800.0,245,16,0.05057560000568628
45,176,10566.0,0.02460519998567179,heavy_static,0.015998999995645136,10910.0,179,2,0.016321800008881837,0.00948369997786358,11457.0,186,4,0.03724410000722855,0.004080199985764921,12894.0,206,8,0.04037800000514835,0.0032745000207796693,14883.0,248,16,0.04972890001954511
46,176,10748.0,0.030314299976453185,heavy_static,0.013599500001873821,10856.0,178,2,0.018477900011930615,0.008493400004226714,11526.0,186,4,0.03373200003989041,0.00363140000263229,12938.0,205,8,0.041479600011371076,0.0031964000081643462,14700.0,246,16,0.052926699980162084
47,177,10510.0,0.035093799990136176,heavy_static,0.013817200029734522,11054.0,179,2,0.020140499982517213,0.009038000018335879,11686.0,185,4,0.03399820002960041,0.004247000033501536,12951.0,201,8,0.04232339997543022,0.0029007999692112207,14813.0,242,16,0.058038100018166006
48,176,10249.0,0.034731000021565706,heavy_static,0.01669190003303811,10412.0,178,2,0.02149529999587685,0.006663599982857704,11124.0,186,4,0.029619700042530894,0.0033577000140212476,12400.0,207,8,0.037608199985697865,0.0022075999877415597,14160.0,247,16,0.047570499998982996
49,174,10954.0,0.02329850004753098,heavy_static,0.013019799953326583,11303.0,178,2,0.017664199986029416,0.007481400039978325,11854.0,186,4,0.031668599986005574,0.0035221000434830785,13189.0,205,8,0.04122529999585822,0.002263300004415214,14889.0,242,16,0.05042819998925552
50,174,11149.0,0.024490400042850524,heavy_static,0.013296600023750216,11357.0,177,2,0.01715390000026673,0.007383900054264814,11919.0,183,4,0.03159400000004098,0.0035714999539777637,13373.0,203,8,0.04200759995728731,0.0024865000159479678,14994.0,248,16,0.04611080000177026
51,174,10591.0,0.0265147999743931,heavy_static,0.014278599992394447,10908.0,178,2,0.01894249999895692,0.0074279000400565565,11558.0,184,4,0.032902700011618435,0.0035800999612547457,12829.0,206,8,0.04310780001105741,0.002316199999768287,14706.0,246,16,0.05141960002947599
52,173,10450.0,0.02420800004620105,heavy_static,0.012432599964085966,10646.0,176,2,0.01649609999731183,0.006873500009533018,11223.0,185,4,0.030079199990723282,0.0038003000081516802,12459.0,205,8,0.04214989999309182,0.0026011000154539943,14519.0,251,16,0.047790200042072684
53,178,10829.0,0.027729899971745908,heavy_static,0.015323200030252337,11041.0,181,2,0.01900169998407364,0.0074492000276222825,11826.0,190,4,0.03396149998297915,0.0040076999575831,13166.0,206,8,0.04198589996667579,0.0024307999992743134,14954.0,246,16,0.051144300028681755
54,176,11264.0,0.027120000042486936,heavy_static,0.014141099993139505,11383.0,179,2,0.01910360000329092,0.007389300037175417,12082.0,184,4,0.03469190001487732,0.0033064999734051526,13304.0,204,8,0.041552099981345236,0.0022855999995954335,15213.0,246,16,0.05143370002042502
55,177,10238.0,0.028159000037703663,heavy_static,0.015008699963800609,10666.0,179,2,0.019348699948750436,0.007726799987722188,11273.0,186,4,0.02870439999969676,0.003530799993313849,12426.0,206,8,0.03774210001574829,0.002424999955110252,14198.0,243,16,0.04475489998003468
56,174,10996.0,0.025826900033280253,heavy_static,0.013051899964921176,11375.0,176,2,0.01730659999884665,0.007468299998436123,12194.0,187,4,0.03319730004295707,0.0036753000458702445,13272.0,207,8,0.03959120000945404,0.0026882000383920968,15463.0,248,16,0.048873000021558255
57,174,10143.0,0.025660399987827986,heavy_static,0.01773319998756051,10638.0,177,2,0.018673099984880537,0.007941100047901273,11440.0,186,4,0.040568700002040714,0.0036931000067852437,12413.0,206,8,0.03716880001593381,0.0026562000275589526,14325.0,243,16,0.04593120003119111
58,176,10670.0,0.023696099990047514,heavy_static,0.013240100000984967,10665.0,178,2,0.01710649998858571,0.006922300031874329,11365.0,185,4,0.030016099975910038,0.0036576000275090337,12659.0,206,8,0.038892899989150465,0.002467599988449365,14485.0,249,16,0.049311599985230714
59,175,10722.0,0.027462300029583275,heavy_static,0.01466339995386079,10682.0,179,2,0.02045380003983155,0.00915190001251176,11423.0,187,4,0.036591699987184256,0.005661999981384724,12670.0,206,8,0.04312529996968806,0.002884100016672164,14436.0,245,16,0.05626550002489239
60,174,10145.0,0.025815900007728487,heavy_static,0.01355530001455918,10566.0,177,2,0.01703119999729097,0.007655799970962107,11206.0,184,4,0.032616699987556785,0.0035738999722525477,12281.0,203,8,0.040755300025921315,0.002876700018532574,14093.0,245,16,0.05002829997101799
61,176,11680.0,0.025005800009239465,heavy_static,0.013103000004775822,11875.0,179,2,0.018531400011852384,0.007378900016192347,12506.0,187,4,0.03443509998032823,0.0037471000105142593,13929.0,209,8,0.04303290002280846,0.002889299998059869,15727.0,247,16,0.05146970000350848
62,173,10486.0,0.023532699968200177,heavy_static,0.013061300036497414,10520.0,177,2,0.015614799980539829,0.007698100002016872,11037.0,187,4,0.031182500009890646,0.003690199984703213,12441.0,204,8,0.03900140000041574,0.0028372000087983906,14295.0,244,16,0.049770999990869313
63,172,10692.0,0.024390600039623678,heavy_static,0.013275499979499727,11108.0,177,2,0.017848399991635233,0.009349600004497916,11807.0,185,4,0.034150200022850186,0.00424480001674965,13169.0,201,8,0.048297900008037686,0.0028362000011838973,14990.0,245,16,0.05288050003582612
64,176,11047.0,0.03410260000964627,heavy_static,0.01750229997560382,11185.0,177,2,0.020218699995893985,0.00889689999166876,11921.0,186,4,0.03610399999888614,0.0034021000028587878,13327.0,207,8,0.04148509999504313,0.00237510004080832,15161.0,247,16,0.050251000036951154
65,176,10269.0,0.03265180002199486,heavy_static,0.013539800012949854,10498.0,178,2,0.017996400012634695,0.007662899966817349,11012.0,186,4,0.030679300019983202,0.00368340004933998,12449.0,204,8,0.040285399998538196,0.0023392000002786517,14062.0,244,16,0.048727799963671714
66,174,10331.0,0.023346599948126823,heavy_static,0.012565800047013909,10750.0,178,2,0.015738099988084286,0.006768599967472255,11321.0,186,4,0.03132080001523718,0.0036472000065259635,12593.0,209,8,0.04093710001325235,0.002356200013309717,14314.0,249,16,0.0479489000281319
67,174,10436.0,0.02528659999370575,heavy_static,0.013600599952042103,10545.0,175,2,0.017470199964009225,0.007138799992389977,11305.0,185,4,0.029738300014287233,0.003416399995330721,12608.0,202,8,0.039069099992047995,0.00230089999968186,14272.0,243,16,0.051046599983237684
68,179,10382.0,0.025295800005551428,heavy_static,0.013297799974679947,10601.0,181,2,0.017670400033239275,0.007762499968521297,11325.0,188,4,0.02951080002821982,0.003311699954792857,12327.0,204,8,0.04141240002354607,0.0022708000033162534,14179.0,246,16,0.049257899983786047
69,176,10527.0,0.02424640004755929,heavy_static,0.013236900034826249,10691.0,178,2,0.01772289996733889,0.007447200012393296,11265.0,184,4,0.029640399967320263,0.0032550999894738197,12538.0,206,8,0.038431899971328676,0.0024286999832838774,14293.0,249,16,0.049357299983967096
70,174,10025.0,0.024146200041286647,heavy_static,0.014415699988603592,10242.0,178,2,0.01676269999006763,0.0073225999949499965,10950.0,186,4,0.03178090002620593,0.003610400017350912,12444.0,204,8,0.040384899999480695,0.0024356000358238816,14025.0,250,16,0.04826579999644309
71,175,10384.0,0.024345199984963983,heavy_static,0.01364989997819066,11010.0,178,2,0.01897670002654195,0.007399399997666478,11602.0,185,4,0.03307050000876188,0.0037737000384368002,12581.0,203,8,0.042141799989622086,0.0024089000071398914,14518.0,243,16,0.0513980999821797
72,180,10655.0,0.024881000048480928,heavy_static,0.013467499986290932,10840.0,183,2,0.01760279998416081,0.008420199970714748,11546.0,189,4,0.03192300000227988,0.0034241999965161085,12819.0,204,8,0.039936000015586615,0.002512599981855601,14625.0,247,16,0.04843019996769726
73,172,10160.0,0.022901599993929267,heavy_static,0.01281129999551922,10508.0,176,2,0.017134200024884194,0.006812200008425862,10989.0,186,4,0.03059969999594614,0.003342999960295856,12312.0,205,8,0.03872499999124557,0.002688299980945885,14181.0,249,16,0.04693280003266409
74,177,10702.0,0.02623459999449551,heavy_static,0.013131999992765486,10897.0,180,2,0.016002099961042404,0.007444299990311265,11442.0,187,4,0.0304615999921225,0.0033953000092878938,12548.0,206,8,0.03930080001009628,0.0024875999661162496,14647.0,247,16,0.047657999966759235
75,173,10644.0,0.027047800016589463,heavy_static,0.013816500024404377,10967.0,175,2,0.017522100009955466,0.007346500002313405,11614.0,184,4,0.03228030004538596,0.00347729999339208,12784.0,202,8,0.04046599997673184,0.002281899971421808,14605.0,241,16,0.047758699976839125
76,176,10874.0,0.02486460004001856,heavy_static,0.013202100002672523,10799.0,180,2,0.017889200011268258,0.0065546000259928405,11594.0,186,4,0.03170779999345541,0.0034710000036284328,12612.0,206,8,0.03977969998959452,0.0023130999761633575,14543.0,247,16,0.05020580004202202
77,176,10931.0,0.026894600014202297,heavy_static,0.014510600012727082,11137.0,179,2,0.018356200016569346,0.00767319998703897,12176.0,187,4,0.03160379995824769,0.0038067999994382262,13293.0,206,8,0.0415124999708496,0.0023705000057816505,15297.0,248,16,0.05266630003461614
78,177,10201.0,0.023795099987182766,heavy_static,0.013297800032887608,10326.0,178,2,0.01709159999154508,0.007153699989430606,11131.0,185,4,0.03063670004485175,0.0036862000124529004,12327.0,206,8,0.03805539995664731,0.0026433999883010983,14169.0,247,16,0.04868599999463186
79,175,10596.0,0.024389399972278625,heavy_static,0.012794899987056851,11124.0,179,2,0.017731299973092973,0.007135799969546497,11770.0,188,4,0.03175989998271689,0.0033404999994672835,13121.0,206,8,0.041084000025875866,0.0027611000114120543,15239.0,247,16,0.05271690001245588
80,174,10837.0,0.0243676999816671,heavy_static,0.01303949998691678,11107.0,176,2,0.01747239998076111,0.006422300008125603,11483.0,187,4,0.03189710003789514,0.003687500022351742,12692.0,202,8,0.03916949999984354,0.00232920004054904,14458.0,240,16,0.047226900001987815
81,174,11100.0,0.02512209996348247,heavy_static,0.013014999974984676,11215.0,179,2,0.01799129997380078,0.007076499983668327,11616.0,187,4,0.03217590000713244,0.003405100025702268,13202.0,206,8,0.04073050001170486,0.0023717000149190426,14947.0,247,16,0.052218199998605996
82,174,10192.0,0.03167339996434748,heavy_static,0.016518799995537847,10835.0,178,2,0.0172444999916479,0.006975899974349886,11141.0,185,4,0.02993600000627339,0.003855500021018088,12611.0,204,8,0.03505579999182373,0.00227870000526309,14282.0,241,16,0.03879859996959567
83,172,10777.0,0.024239899998065084,heavy_static,0.012699100014287978,10882.0,176,2,0.019065000000409782,0.006822899973485619,11581.0,184,4,0.027609299984760582,0.0037159999483264983,12963.0,203,8,0.0369584999862127,0.0023893999750725925,14795.0,246,16,0.045718699984718114
84,175,10820.0,0.024126800009980798,heavy_static,0.012396999984048307,11427.0,178,2,0.017596199992112815,0.006445400009397417,12006.0,185,4,0.028213600046001375,0.003575399983674288,13307.0,204,8,0.03750119998585433,0.00241199997253716,15199.0,244,16,0.044086100009735674
85,175,10595.0,0.02676489995792508,heavy_static,0.018435999983921647,10979.0,179,2,0.017172099964227527,0.006831299979239702,11328.0,186,4,0.03172010002890602,0.003691999998409301,12558.0,205,8,0.033519199991133064,0.0024754999903962016,14410.0,243,16,0.040977499971631914
86,174,10406.0,0.023508899961598217,heavy_static,0.012093600002117455,10685.0,176,2,0.016780300007667392,0.006107699999120086,11536.0,184,4,0.026949999970383942,0.003757600032258779,12622.0,203,8,0.034173899970483035,0.0024586000363342464,14378.0,246,16,0.04228759999386966
87,176,10733.0,0.024516600009519607,heavy_static,0.013221000030171126,10965.0,177,2,0.016891500039491802,0.006276400003116578,11428.0,184,4,0.027091800002381206,0.003786000015679747,12967.0,203,8,0.035054600040894,0.002603400032967329,15078.0,246,16,0.04705880000256002
88,177,11006.0,0.02725719998124987,heavy_static,0.01427819998934865,11476.0,179,2,0.017718099988996983,0.007569300010800362,12017.0,186,4,0.029167199973016977,0.0035383999929763377,13446.0,204,8,0.03679879999253899,0.002431600005365908,15252.0,242,16,0.044440100027713925
89,175,11435.0,0.028290599992033094,heavy_static,0.014276099973358214,11273.0,178,2,0.016544000012800097,0.0079797999933362,11729.0,186,4,0.02805109997279942,0.003678899956867099,12981.0,206,8,0.039281199977267534,0.002522299997508526,15029.0,249,16,0.04298169998219237
90,175,11308.0,0.02788349997717887,heavy_static,0.014804699982050806,11264.0,180,2,0.018153000040911138,0.006978199991863221,11945.0,187,4,0.029893700033426285,0.004064099979586899,13367.0,208,8,0.038506099954247475,0.0025721999700181186,15263.0,247,16,0.05127210001228377
91,174,9984.0,0.026574900024570525,heavy_static,0.012159899983089417,10373.0,177,2,0.01587970001855865,0.006681699946057051,10948.0,184,4,0.02628500002902001,0.0748054999858141,12141.0,201,8,0.03466410003602505,0.0022490000119432807,13818.0,243,16,0.037711699958890676
92,178,11014.0,0.025925499969162047,heavy_static,0.014064999995753169,11155.0,180,2,0.01594060001662001,0.007035600021481514,11812.0,186,4,0.02732839999953285,0.003465200017672032,13144.0,205,8,0.03576040000189096,0.002452799992170185,15066.0,250,16,0.04448949999641627
93,178,10430.0,0.023262000002432615,heavy_static,0.012315300002228469,10400.0,183,2,0.01709789998130873,0.00681829999666661,10999.0,188,4,0.02717260003555566,0.003533999959472567,12249.0,202,8,0.034744200005661696,0.002545700001064688,14161.0,248,16,0.040328399976715446
94,175,10591.0,0.02544669999042526,heavy_static,0.012966800015419722,10871.0,177,2,0.01715570001397282,0.006621799955610186,11415.0,185,4,0.02763790002791211,0.003543499973602593,12706.0,202,8,0.03361330000916496,0.0027690999559126794,14662.0,244,16,0.04324780002934858
95,177,10632.0,0.026293099974282086,heavy_static,0.012649099982809275,11205.0,180,2,0.018367799988482147,0.007868500018958002,11915.0,186,4,0.03233749995706603,0.0036931000067852437,13206.0,205,8,0.03600909997476265,0.0026443999959155917,15138.0,249,16,0.0472588999546133
96,175,10079.0,0.024944800010416657,heavy_static,0.012191399990115315,10433.0,178,2,0.01598080003168434,0.006817699992097914,11139.0,184,4,0.0279177000047639,0.0036051999777555466,12261.0,205,8,0.035079399996902794,0.0029839000198990107,14118.0,247,16,0.04255489999195561
97,177,10346.0,0.03047980001429096,heavy_static,0.013936599949374795,10583.0,179,2,0.017226000025402755,0.006843900016974658,11254.0,187,4,0.02574259997345507,0.0038535999483428895,12612.0,207,8,0.03418329998385161,0.002709199965465814,14304.0,249,16,0.04215739999199286
98,177,10574.0,0.024593600013758987,heavy_static,0.012157000019215047,10964.0,181,2,0.01675219996832311,0.00683770002797246,11633.0,188,4,0.02749999996740371,0.00346700003137812,12704.0,203,8,0.03722960001323372,0.0025812999811023474,14691.0,248,16,0.04412700003013015
99,175,11207.0,0.026075800007674843,heavy_static,0.011673100001644343,11388.0,176,2,0.017605400003958493,0.0075668999925255775,12126.0,183,4,0.028890399960801005,0.003598499984946102,13292.0,205,8,0.03527999995276332,0.0024905999889597297,15144.0,246,16,0.0460734999505803
100,179,10540.0,0.03470829996513203,heavy_static,0.014463800005614758,10719.0,182,2,0.017308399954345077,0.007143199967686087,11408.0,187,4,0.03113130002748221,0.003515400050673634,12600.0,203,8,0.037463199987541884,0.0035319000016897917,14614.0,247,16,0.0451197000220418
101,173,10695.0,0.023247600009199232,heavy_static,0.011917099996935576,10923.0,177,2,0.017385900020599365,0.007680400041863322,11717.0,185,4,0.028532000025734305,0.00348620000295341,13052.0,203,8,0.03831020003417507,0.0024007000029087067,14765.0,245,16,0.04517420002957806
102,176,10693.0,0.02427320001879707,heavy_static,0.011013399984221905,10972.0,179,2,0.016524099977687,0.00797829998191446,11548.0,187,4,0.02872990001924336,0.004270799981895834,12855.0,205,8,0.034249500022269785,0.003158500010613352,14783.0,243,16,0.044687599991448224
103,175,10888.0,0.024571400019340217,heavy_static,0.012298599991481751,11009.0,178,2,0.0171140999882482,0.006909099989570677,11755.0,186,4,0.031092000019270927,0.00377509999088943,13145.0,205,8,0.03594499995233491,0.002707500010728836,14961.0,246,16,0.047054799972102046
104,178,10542.0,0.024469299998600036,heavy_static,0.012087500013876706,11054.0,180,2,0.016968499985523522,0.007602499972563237,11434.0,188,4,0.030216699989978224,0.00361359998350963,12997.0,206,8,0.03680050000548363,0.002818399982061237,14826.0,248,16,0.04734060005284846
