matrix_index,bvn_perms,bvn_cycle,bvn_runtime,bvn_matching,heavy_static_max_16_time,heavy_static_max_16_cycle,heavy_static_max_16_perms,heavy_static_max_16_planes,heavy_static_max_16_split,heavy_static_max_2_time,heavy_static_max_2_cycle,heavy_static_max_2_perms,heavy_static_max_2_planes,heavy_static_max_2_split,heavy_static_max_4_time,heavy_static_max_4_cycle,heavy_static_max_4_perms,heavy_static_max_4_planes,heavy_static_max_4_split,heavy_static_max_8_time,heavy_static_max_8_cycle,heavy_static_max_8_perms,heavy_static_max_8_planes,heavy_static_max_8_split,heavy_static_median_16_time,heavy_static_median_16_cycle,heavy_static_median_16_perms,heavy_static_median_16_planes,heavy_static_median_16_split,heavy_static_median_2_time,heavy_static_median_2_cycle,heavy_static_median_2_perms,heavy_static_median_2_planes,heavy_static_median_2_split,heavy_static_median_4_time,heavy_static_median_4_cycle,heavy_static_median_4_perms,heavy_static_median_4_planes,heavy_static_median_4_split,heavy_static_median_8_time,heavy_static_median_8_cycle,heavy_static_median_8_perms,heavy_static_median_8_planes,heavy_static_median_8_split,heavy_static_min_16_time,heavy_static_min_16_cycle,heavy_static_min_16_perms,heavy_static_min_16_planes,heavy_static_min_16_split,heavy_static_min_2_time,heavy_static_min_2_cycle,heavy_static_min_2_perms,heavy_static_min_2_planes,heavy_static_min_2_split,heavy_static_min_4_time,heavy_static_min_4_cycle,heavy_static_min_4_perms,heavy_static_min_4_planes,heavy_static_min_4_split,heavy_static_min_8_time,heavy_static_min_8_cycle,heavy_static_min_8_perms,heavy_static_min_8_planes,heavy_static_min_8_split
0,0,,,,0.028183200003695674,10493.0,320,3,,0.09104239998850971,11164.0,636,9,,0.031800500000827014,10869.0,461,5,,0.026944500001263805,10727.0,365,3,,0.060829999987618066,11047.0,576,3,,0.016314300009980798,11164.0,636,9,,0.029814699999406002,10169.0,560,5,,0.05431690000114031,10719.0,588,3,,0.21427240000048187,8414.0,1739,3,,1.9636138999921968,11164.0,636,9,,0.05145749999792315,9738.0,881,5,,0.11990890000015497,9326.0,1322,3,
1,0,,,,0.029894000006606802,11700.0,330,3,,0.019625100001576357,12103.0,668,9,,0.024623700010124594,11876.0,476,5,,0.03361490000679623,11712.0,380,3,,0.07382730000244919,12497.0,603,3,,0.019230700010666624,12103.0,668,9,,0.031209100008709356,11232.0,584,5,,0.06419289999757893,11684.0,631,3,,0.24941209999087732,9671.0,1857,3,,0.019349100010003895,12103.0,668,9,,0.05313219998788554,10831.0,933,5,,0.12703570000303444,10287.0,1394,3,
2,0,,,,0.031526300008408725,10809.0,325,3,,0.016994399993564002,11520.0,667,9,,0.027097099999082275,11225.0,473,5,,0.02941149999969639,11044.0,377,3,,0.06490870000561699,11309.0,564,3,,0.017115099995862693,11520.0,667,9,,0.03491589998884592,10577.0,583,5,,0.05911129999731202,10946.0,602,3,,0.23542230000020936,8914.0,1816,3,,0.01682970000547357,11520.0,667,9,,0.05702910000400152,10178.0,934,5,,0.11503889999585226,9818.0,1395,3,
3,0,,,,0.030061699988436885,10717.0,329,3,,0.01632409999729134,11140.0,672,9,,0.027154399998835288,10826.0,474,5,,0.028744299997924827,10607.0,367,3,,0.05897330000880174,11189.0,576,3,,0.019432000000961125,11140.0,672,9,,0.03365309999207966,10261.0,576,5,,0.06006150000030175,10910.0,626,3,,0.23413780001283158,8670.0,1825,3,,0.019708099993295036,11140.0,672,9,,0.05286699999123812,9906.0,926,5,,0.11819480000121985,9566.0,1380,3,
4,0,,,,0.029988299997057766,10703.0,317,3,,0.020644300006097183,11210.0,668,9,,0.026173600010224618,10794.0,471,5,,0.026698200003011152,10770.0,369,3,,0.07275219999428373,11386.0,573,3,,0.020701800007373095,11210.0,668,9,,0.031698699996923096,10296.0,565,5,,0.0657150999904843,10918.0,609,3,,0.2761859000020195,8782.0,1840,3,,0.026737199994386174,11210.0,668,9,,0.05994669999927282,9994.0,922,5,,0.1406522000033874,9662.0,1340,3,
5,0,,,,0.0270643999974709,11898.0,326,3,,0.01829839999845717,12227.0,682,9,,0.025981899991165847,12119.0,485,5,,0.025766100006876513,11940.0,376,3,,0.06547390000196174,12382.0,575,3,,0.018427600007271394,12227.0,682,9,,0.034490200006985106,11649.0,611,5,,0.06027430000540335,11683.0,604,3,,0.2557675999996718,9611.0,1892,3,,0.01877510000485927,12227.0,682,9,,0.0619382000004407,10955.0,945,5,,0.13701730000320822,10587.0,1418,3,
6,0,,,,0.026726000010967255,10280.0,311,3,,0.018180500002927147,10823.0,653,9,,0.027819900002214126,10718.0,467,5,,0.027002700007869862,10534.0,363,3,,0.0660109000018565,10855.0,556,3,,0.01912310000625439,10823.0,653,9,,0.03180359999532811,10109.0,569,5,,0.06134369999927003,10597.0,610,3,,0.26827509999566246,8605.0,1839,3,,0.019657299999380484,10823.0,653,9,,0.061862100003054366,9585.0,918,5,,0.15811300001223572,9397.0,1377,3,
7,0,,,,0.02717869999469258,10786.0,314,3,,0.01791350000712555,11167.0,643,9,,0.024154400001862086,11037.0,468,5,,0.026451199999428354,11161.0,370,3,,0.05771360000653658,11058.0,541,3,,0.017670800007181242,11167.0,643,9,,0.030160299997078255,10805.0,569,5,,0.06301369999710005,11212.0,606,3,,0.22945490000711288,8829.0,1786,3,,0.01741329999640584,11167.0,643,9,,0.052218600001651794,10369.0,905,5,,0.12356930000532884,10077.0,1343,3,
8,0,,,,0.028758400003425777,10695.0,323,3,,0.02001890000246931,11410.0,662,9,,0.028488899988587946,11457.0,482,5,,0.026664899996831082,11133.0,376,3,,0.07440840000344906,11455.0,567,3,,0.019686200001160614,11410.0,662,9,,0.032257400001981296,10717.0,587,5,,0.06287650000012945,11197.0,591,3,,0.2734102999966126,8802.0,1761,3,,0.02011579999816604,11410.0,662,9,,0.06087410000327509,10314.0,908,5,,0.1353205000050366,10002.0,1343,3,
9,0,,,,0.031183300001430325,11695.0,329,3,,0.02083580000908114,12445.0,681,9,,0.028890899993712083,12010.0,488,5,,0.028516999998828396,11827.0,373,3,,0.08713420000276528,12208.0,576,3,,0.02063780000025872,12445.0,681,9,,0.035342899995157495,11789.0,611,5,,0.06398530000296887,11758.0,618,3,,0.29635899999993853,9687.0,1867,3,,0.020672000013291836,12445.0,681,9,,0.06817700000829063,11175.0,949,5,,0.13973819999955595,10663.0,1429,3,
10,0,,,,0.025760199991054833,10499.0,316,3,,0.017305200002738275,10851.0,652,9,,0.023901499997009523,10608.0,464,5,,0.02474649999930989,10528.0,363,3,,0.05987160000950098,11256.0,557,3,,0.01843650000228081,10851.0,652,9,,0.029867300007026643,10216.0,574,5,,0.0688285999931395,10859.0,596,3,,0.23078769999847282,8629.0,1811,3,,0.018154200006392784,10851.0,652,9,,0.056258800002979115,9801.0,909,5,,0.11857979999331292,9461.0,1332,3,
11,0,,,,0.02752769998915028,11053.0,324,3,,0.01850469999772031,11505.0,660,9,,0.028112999993027188,11436.0,477,5,,0.03074899999774061,11197.0,376,3,,0.07159900000260677,11676.0,575,3,,0.021196000001509674,11505.0,660,9,,0.03410319999966305,11101.0,590,5,,0.06377360000624321,11449.0,626,3,,0.260370599993621,9015.0,1786,3,,0.01979890000075102,11505.0,660,9,,0.06516959999862593,10367.0,922,5,,0.13328049999836367,10055.0,1376,3,
12,0,,,,0.02875730000960175,10855.0,323,3,,0.01746119999734219,11479.0,661,9,,0.02746579999802634,11250.0,472,5,,0.026340099997469224,11038.0,370,3,,0.06550029999925755,11372.0,580,3,,0.02008779998868704,11479.0,661,9,,0.03036940000311006,10533.0,586,5,,0.061484300007577986,11163.0,601,3,,0.2605745999899227,8901.0,1818,3,,0.02068169999984093,11479.0,661,9,,0.056038700000499375,10129.0,923,5,,0.12016430000949185,9813.0,1358,3,
13,0,,,,0.025536400004057214,10786.0,315,3,,0.019186399993486702,11039.0,651,9,,0.026869499997701496,10669.0,462,5,,0.02447450000909157,10850.0,363,3,,0.0648555999941891,11224.0,569,3,,0.01976969999668654,11039.0,651,9,,0.028743800008669496,10305.0,563,5,,0.06904259999282658,10942.0,617,3,,0.2586880999879213,8711.0,1799,3,,0.019253799997386523,11039.0,651,9,,0.05760869999357965,9923.0,908,5,,0.13414219999685884,9511.0,1337,3,
14,0,,,,0.027455999996163882,10081.0,311,3,,0.0170598999975482,10486.0,641,9,,0.024502300002495758,10494.0,455,5,,0.028310200010309927,10410.0,362,3,,0.06880680000176653,10470.0,548,3,,0.020890600004349835,10486.0,641,9,,0.030716900000697933,10391.0,589,5,,0.06160680000903085,10587.0,606,3,,0.2447626999928616,8214.0,1720,3,,0.020738899998832494,10486.0,641,9,,0.056332199994358234,9722.0,905,5,,0.1150494999892544,9366.0,1312,3,
15,0,,,,0.026398000001790933,11112.0,321,3,,0.018996200000401586,11748.0,667,9,,0.0802003999997396,11429.0,477,5,,0.024345500001800247,11425.0,368,3,,0.0616742999991402,11766.0,569,3,,0.019041500010644086,11748.0,667,9,,0.029849100013962016,10803.0,569,5,,0.05877469999541063,11340.0,599,3,,0.26561499999661464,9152.0,1816,3,,0.017656000010902062,11748.0,667,9,,0.05734369999845512,10232.0,904,5,,0.12762310000834987,9904.0,1360,3,
16,0,,,,0.03143849999469239,10648.0,323,3,,0.01882179999665823,11157.0,671,9,,0.02529859999776818,11077.0,475,5,,0.02594830001180526,10880.0,371,3,,0.08045059999858495,11307.0,571,3,,0.020581100005074404,11157.0,671,9,,0.02870249999978114,10417.0,584,5,,0.06731060000311118,10939.0,599,3,,0.26674269999784883,8705.0,1788,3,,0.019141299999319017,11157.0,671,9,,0.05657780000183266,10025.0,927,5,,0.1373297999962233,9689.0,1381,3,
17,0,,,,0.028942600009031594,11660.0,328,3,,0.019231199999921955,12354.0,668,9,,0.028456699990783818,12199.0,480,5,,0.028007800006889738,11825.0,382,3,,0.06372459999693092,12532.0,600,3,,0.019619299986516126,12354.0,668,9,,0.03633290001016576,11537.0,584,5,,0.06755219999467954,11581.0,608,3,,0.24671579999267124,9606.0,1865,3,,0.018815200004610233,12354.0,668,9,,0.06425440000020899,10870.0,931,5,,0.14877670000714716,10406.0,1377,3,
18,0,,,,0.027256100001977757,11132.0,315,3,,0.01809349999530241,11299.0,661,9,,0.026199200001428835,11274.0,475,5,,0.03068130000610836,11099.0,368,3,,0.07358650000242051,11218.0,551,3,,0.019335100005264394,11299.0,661,9,,0.0320555000071181,10783.0,590,5,,0.06337499999790452,11126.0,620,3,,0.2816218000079971,8791.0,1798,3,,0.018116499995812774,11299.0,661,9,,0.06458429999474902,10039.0,925,5,,0.12848110000777524,9815.0,1373,3,
19,0,,,,0.028873899995232932,10729.0,319,3,,0.01916239999991376,11415.0,657,9,,0.024749100004555658,11164.0,474,5,,0.025335800004540943,11078.0,373,3,,0.06937650000327267,11423.0,577,3,,0.020466099987970665,11415.0,657,9,,0.02913359999365639,10433.0,567,5,,0.07291679999616463,10901.0,604,3,,0.2542181999888271,8981.0,1832,3,,0.019603599997935817,11415.0,657,9,,0.058933600012096576,10041.0,911,5,,0.13010519999079406,9693.0,1331,3,
20,0,,,,0.029727400004048832,11244.0,325,3,,0.020846700004767627,11478.0,668,9,,0.027950500007136725,11196.0,475,5,,0.02750440000090748,11114.0,371,3,,0.07381549999990966,11536.0,571,3,,0.02068229998985771,11478.0,668,9,,0.03222020000976045,10814.0,577,5,,0.06829250000009779,11250.0,605,3,,0.2833948000043165,9150.0,1883,3,,0.020036800007801503,11478.0,668,9,,0.06545319998986088,10378.0,928,5,,0.1535208999994211,10047.0,1369,3,
21,0,,,,0.028649600004428066,10291.0,316,3,,0.017181800008984283,10667.0,635,9,,0.027756900002714247,10618.0,462,5,,0.024892800007364713,10677.0,357,3,,0.07273660000646487,10521.0,545,3,,0.020062000010511838,10667.0,635,9,,0.03579650000028778,10261.0,576,5,,0.06855719999293797,10721.0,595,3,,0.28167219999886584,8351.0,1735,3,,0.018334399996092543,10667.0,635,9,,0.05870090000098571,9607.0,886,5,,0.13802519999444485,9263.0,1297,3,
22,0,,,,0.027582100010477006,10823.0,322,3,,0.01844449999043718,11490.0,646,9,,0.026576600008411333,11132.0,473,5,,0.026748300006147474,11075.0,367,3,,0.06841639999765903,11363.0,572,3,,0.02048780000768602,11490.0,646,9,,0.04176389999338426,10588.0,585,5,,0.06774690000747796,11113.0,614,3,,0.2750212999962969,8824.0,1780,3,,0.01975300000049174,11490.0,646,9,,0.06060319999232888,10176.0,902,5,,0.1307220999879064,9856.0,1367,3,
23,0,,,,0.030574599993997253,10611.0,313,3,,0.01924380000855308,11232.0,653,9,,0.025877300009597093,11051.0,462,5,,0.024137200001860037,10705.0,363,3,,0.0654946000140626,11126.0,552,3,,0.018865300007746555,11232.0,653,9,,0.03053150000050664,10469.0,553,5,,0.06459850000101142,10660.0,586,3,,0.24790679999568965,8790.0,1797,3,,0.018947400007164106,11232.0,653,9,,0.06374549999600276,10074.0,903,5,,0.12525450000248384,9454.0,1316,3,
24,0,,,,0.026751400000648573,10565.0,317,3,,0.018267899999045767,11039.0,646,9,,0.025943299988284707,10672.0,466,5,,0.024611300003016368,10665.0,358,3,,0.06911820000095759,11231.0,558,3,,0.02058700000634417,11039.0,646,9,,0.031059999993885867,10188.0,569,5,,0.06717429999844171,10892.0,593,3,,0.2538566000002902,8711.0,1789,3,,0.01975289999973029,11039.0,646,9,,0.060141900001326576,9875.0,911,5,,0.12724399998842273,9535.0,1334,3,
25,0,,,,0.03124989999923855,10734.0,317,3,,0.017114500005845912,11155.0,647,9,,0.024379499998758547,10852.0,460,5,,0.028129600003012456,10807.0,362,3,,0.062238399987109005,11049.0,550,3,,0.018217999997432344,11155.0,647,9,,0.02850850000686478,10150.0,553,5,,0.06528439999965485,10836.0,603,3,,0.23651649999374058,8563.0,1759,3,,0.017149899998912588,11155.0,647,9,,0.054397800005972385,9851.0,885,5,,0.11689869999827351,9467.0,1318,3,
26,0,,,,0.027571599988732487,10472.0,320,3,,0.0176045999978669,11423.0,665,9,,0.025938799997675233,11125.0,476,5,,0.023230100006912835,11133.0,372,3,,0.05430089999572374,11052.0,559,3,,0.017813700003898703,11423.0,665,9,,0.03145049999875482,10828.0,611,5,,0.06176320000668056,11451.0,603,3,,0.22586479999881703,8697.0,1812,3,,0.01950829999987036,11423.0,665,9,,0.05823949999467004,10333.0,937,5,,0.12426169999525882,9985.0,1356,3,
27,0,,,,0.0266814000060549,10755.0,312,3,,0.0714940000034403,11150.0,646,9,,0.02562749999924563,11193.0,463,5,,0.022843600003398024,11050.0,368,3,,0.05258950000279583,11294.0,540,3,,0.01972589999786578,11150.0,646,9,,0.03034460000344552,10441.0,566,5,,0.0618906000017887,11072.0,589,3,,0.21625169999606442,8732.0,1736,3,,0.020073799998499453,11150.0,646,9,,0.051938399992650375,9972.0,899,5,,0.11437949999526609,9684.0,1355,3,
28,0,,,,0.026512900003581308,11095.0,315,3,,0.018043999996734783,11575.0,661,9,,0.024621699994895607,11337.0,480,5,,0.02483100000245031,11112.0,371,3,,0.0583595000061905,12008.0,573,3,,0.02004240000678692,11575.0,661,9,,0.029373299999861047,10683.0,572,5,,0.06085460000031162,11165.0,624,3,,0.23837430001003668,9177.0,1871,3,,0.019746999998460524,11575.0,661,9,,0.05258069999399595,10393.0,937,5,,0.11902349999581929,10137.0,1373,3,
29,0,,,,0.028291000009630807,10902.0,322,3,,0.019275300001027063,11705.0,672,9,,0.02569260000018403,11116.0,474,5,,0.0239850999932969,10993.0,379,3,,0.06660679999913555,11544.0,584,3,,0.019200199996703304,11705.0,672,9,,0.03045140000176616,10595.0,578,5,,0.0689767000003485,11013.0,623,3,,0.2561723999970127,9009.0,1872,3,,0.018821800011210144,11705.0,672,9,,0.054819400000269525,10153.0,927,5,,0.12983349998830818,9793.0,1373,3,
30,0,,,,0.030758499997318722,10761.0,323,3,,0.02090459999453742,11276.0,665,9,,0.02409809999517165,10940.0,479,5,,0.02380549999361392,10973.0,375,3,,0.06407570000737906,11508.0,564,3,,0.019274999998742715,11276.0,665,9,,0.029807200000504963,10495.0,574,5,,0.06311059999279678,11072.0,602,3,,0.2748056999989785,8846.0,1776,3,,0.019618799997260794,11276.0,665,9,,0.05846159999782685,10054.0,915,5,,0.13129810000828002,9654.0,1347,3,
31,0,,,,0.026367900005425327,10906.0,313,3,,0.019953199996962212,11245.0,647,9,,0.025221200005034916,11168.0,466,5,,0.022646700002951548,11070.0,364,3,,0.0647876000002725,11673.0,573,3,,0.018877800001064315,11245.0,647,9,,0.029664100002264604,10640.0,572,5,,0.061996299991733395,11014.0,602,3,,0.24642979999771342,8901.0,1757,3,,0.01811730000190437,11245.0,647,9,,0.05407009999908041,10117.0,895,5,,0.12204729999939445,9845.0,1350,3,
32,0,,,,0.02728229999775067,11099.0,322,3,,0.019692400004714727,12005.0,677,9,,0.025587999989511445,11518.0,483,5,,0.03013430000282824,11475.0,372,3,,0.06301720000919886,12020.0,592,3,,0.019620599996414967,12005.0,677,9,,0.03093310000258498,11092.0,592,5,,0.0663559999957215,11801.0,639,3,,0.26641369999560993,9213.0,1892,3,,0.020439100000658073,12005.0,677,9,,0.06073520000791177,10721.0,951,5,,0.1288258999993559,10397.0,1402,3,
33,0,,,,0.027816100002382882,11622.0,319,3,,0.018897499990998767,11697.0,656,9,,0.024464000001898967,11461.0,469,5,,0.02291670000704471,11585.0,367,3,,0.06425579999631736,12096.0,560,3,,0.01934600000095088,11697.0,656,9,,0.03128730000753421,11043.0,572,5,,0.06735919999482576,11918.0,608,3,,0.27659619999758434,9249.0,1789,3,,0.019422199999098666,11697.0,656,9,,0.06331309999222867,10513.0,925,5,,0.12453399998776149,10177.0,1356,3,
34,0,,,,0.02899769999203272,10186.0,317,3,,0.017554699996253476,10669.0,642,9,,0.02662889999919571,10506.0,467,5,,0.026134299987461418,10330.0,369,3,,0.06455860000278335,10613.0,561,3,,0.020283200006815605,10669.0,642,9,,0.033636899999692105,9915.0,555,5,,0.0671128999965731,10306.0,607,3,,0.23533989999850746,8373.0,1772,3,,0.016912199993385002,10669.0,642,9,,0.057884900001226924,9605.0,898,5,,0.1302611999999499,9309.0,1317,3,
35,0,,,,0.02858630000264384,10782.0,312,3,,0.01935990000492893,11468.0,644,9,,0.02792330000374932,11076.0,467,5,,0.02457529999082908,10933.0,360,3,,0.07637309998972341,11236.0,557,3,,0.022391200007405132,11468.0,644,9,,0.03453809999336954,10704.0,556,5,,0.07014470000285655,11349.0,608,3,,0.28469099999347236,8836.0,1770,3,,0.020630300001357682,11468.0,644,9,,0.06546679999155458,10444.0,907,5,,0.1465167999995174,10068.0,1355,3,
36,0,,,,0.028376900008879602,10801.0,316,3,,0.018258900003274903,11046.0,645,9,,0.027037499996367842,11007.0,472,5,,0.023701700003584847,10993.0,370,3,,0.06525929999770597,11432.0,557,3,,0.019247200005338527,11046.0,645,9,,0.031624099996406585,10430.0,553,5,,0.06835089999367483,10822.0,613,3,,0.259487999996054,8844.0,1779,3,,0.019532899998012,11046.0,645,9,,0.06116539999493398,10248.0,908,5,,0.13245580000511836,9884.0,1334,3,
37,0,,,,0.030710900013218634,10575.0,316,3,,0.06061000000045169,10863.0,639,9,,0.0269341999955941,10748.0,464,5,,0.022481099993456155,10609.0,361,3,,0.06705650000367314,10938.0,560,3,,0.019219399997382425,10863.0,639,9,,0.03335019999940414,10309.0,572,5,,0.06348670000443235,10938.0,593,3,,0.2637165000051027,8553.0,1759,3,,0.018069599987939,10863.0,639,9,,0.06662060000235215,9885.0,906,5,,0.12815689999843016,9545.0,1352,3,
38,0,,,,0.029037600004812703,10439.0,315,3,,0.01655630000459496,11061.0,661,9,,0.025595199986128137,10831.0,475,5,,0.023233500003698282,10604.0,370,3,,0.05591769999591634,10924.0,554,3,,0.01983920000202488,11061.0,661,9,,0.03150850000383798,10292.0,594,5,,0.06595659999584313,10714.0,609,3,,0.24636009999085218,8485.0,1767,3,,0.02040010000928305,11061.0,661,9,,0.06365879999066237,9769.0,918,5,,0.14368999999715015,9477.0,1361,3,
39,0,,,,0.029883700000937097,11294.0,323,3,,0.02132690000871662,12107.0,675,9,,0.026569000008748844,11821.0,481,5,,0.032753599996794946,11877.0,372,3,,0.0728882999974303,12175.0,577,3,,0.021353100004489534,12107.0,675,9,,0.034752399995340966,11126.0,592,5,,0.0650321000139229,11810.0,599,3,,0.2886328000022331,9323.0,1801,3,,0.021105899999383837,12107.0,675,9,,0.0636196999985259,10711.0,931,5,,0.14328580000437796,10491.0,1412,3,
40,0,,,,0.028783399990061298,11100.0,323,3,,0.01895179999701213,11819.0,666,9,,0.026475799997569993,11369.0,481,5,,0.022707500000251457,11223.0,369,3,,0.07368519999727141,11555.0,559,3,,0.01910969999153167,11819.0,666,9,,0.03188090000185184,10716.0,583,5,,0.059107199995196424,11098.0,597,3,,0.2981984999933047,9069.0,1796,3,,0.018917299996246584,11819.0,666,9,,0.06818989999010228,10369.0,920,5,,0.13585299999976996,9989.0,1354,3,
41,0,,,,0.030285500004538335,11783.0,324,3,,0.020659100002376363,12257.0,681,9,,0.02573320000374224,11829.0,481,5,,0.024721599998883903,11624.0,376,3,,0.07380820000253152,12337.0,566,3,,0.022177899998496287,12257.0,681,9,,0.03436890000011772,11287.0,597,5,,0.07382479999796487,11681.0,615,3,,0.28745380000327714,9463.0,1825,3,,0.02009560000442434,12257.0,681,9,,0.06409419998817611,10859.0,944,5,,0.14406449999660254,10279.0,1405,3,
42,0,,,,0.03326080000260845,10555.0,322,3,,0.018286099992110394,10924.0,659,9,,0.028186299998196773,10929.0,471,5,,0.02598089999810327,10861.0,375,3,,0.06846899999072775,11216.0,579,3,,0.02666289999615401,10924.0,659,9,,0.028678500006208196,10182.0,585,5,,0.06676420000439975,10816.0,640,3,,0.28725419999682344,8614.0,1775,3,,0.025369900002260692,10924.0,659,9,,0.06144599999242928,9831.0,916,5,,0.12667169999622274,9486.0,1343,3,
43,0,,,,0.027151299989782274,10924.0,318,3,,0.01697559999593068,11304.0,662,9,,0.024067899998044595,11068.0,465,5,,0.023848500000895,10819.0,366,3,,0.06031970000185538,11512.0,581,3,,0.017287400012719445,11304.0,662,9,,0.031151899995165877,10526.0,587,5,,0.06583429999591317,11109.0,618,3,,0.24658690000069328,8822.0,1834,3,,0.017569100004038773,11304.0,662,9,,0.058878800002275966,10090.0,926,5,,0.1322247000061907,9806.0,1377,3,
44,0,,,,0.028028000000631437,10838.0,311,3,,0.01950080000096932,11216.0,648,9,,0.02488189999712631,11070.0,461,5,,0.031319100002292544,11076.0,362,3,,0.060496800011605956,11662.0,564,3,,0.019361200000275858,11216.0,648,9,,0.03133929999603424,10624.0,572,5,,0.06888550000439864,11017.0,586,3,,0.2610902000014903,8926.0,1789,3,,0.018829499997082166,11216.0,648,9,,0.061765699996612966,10242.0,909,5,,0.12734469999850262,9862.0,1340,3,
45,0,,,,0.02884839999023825,10743.0,320,3,,0.018365299998549744,11292.0,653,9,,0.02637690000119619,11157.0,476,5,,0.024863300001015887,11138.0,371,3,,0.061683499996433966,11070.0,555,3,,0.019245300005422905,11292.0,653,9,,0.03448610000486951,10699.0,590,5,,0.07090249999600928,10869.0,615,3,,0.24550860001181718,8852.0,1804,3,,0.01964410000073258,11292.0,653,9,,0.06867110000166576,10080.0,914,5,,0.13645150000229478,9692.0,1373,3,
46,0,,,,0.03250429999025073,10765.0,320,3,,0.01706430000194814,11373.0,647,9,,0.02496709999104496,11067.0,468,5,,0.023241399991093203,10938.0,370,3,,0.0596194999961881,11223.0,549,3,,0.017465299999457784,11373.0,647,9,,0.02983670000685379,10396.0,560,5,,0.06484779999300372,11226.0,619,3,,0.234179299994139,8749.0,1800,3,,0.019146999999065883,11373.0,647,9,,0.053766700002597645,10041.0,903,5,,0.12138199999753851,9877.0,1338,3,
47,0,,,,0.0296364999958314,10787.0,317,3,,0.01882310000655707,11019.0,655,9,,0.026293500006431714,10953.0,465,5,,0.022242999999434687,10778.0,365,3,,0.05944009999802802,11092.0,558,3,,0.06989109999267384,11019.0,655,9,,0.03357980000146199,10423.0,580,5,,0.06338469999900553,11077.0,601,3,,0.2456633999972837,8881.0,1779,3,,0.02074039999570232,11019.0,655,9,,0.06983710000349674,10025.0,905,5,,0.12348629999905825,9705.0,1341,3,
48,0,,,,0.032352499998523854,10375.0,313,3,,0.019228200006182306,10700.0,652,9,,0.03058489999966696,10645.0,475,5,,0.02268470000126399,10604.0,365,3,,0.06692979999934323,11144.0,576,3,,0.019063500003539957,10700.0,652,9,,0.03040050000709016,10269.0,584,5,,0.061750300010317005,10480.0,607,3,,0.24906999999075197,8500.0,1804,3,,0.021113399998284876,10700.0,652,9,,0.058441899993340485,9708.0,909,5,,0.1331449999997858,9404.0,1354,3,
49,0,,,,0.03332159999990836,11386.0,324,3,,0.020522699996945448,11879.0,663,9,,0.028634700007387437,11852.0,480,5,,0.025082199994358234,11387.0,374,3,,0.06316669999796432,11766.0,570,3,,0.02042539999820292,11879.0,663,9,,0.03236670000478625,11303.0,582,5,,0.06787109999277163,11612.0,609,3,,0.2647532999981195,9325.0,1761,3,,0.0199607999966247,11879.0,663,9,,0.06258689999231137,10761.0,908,5,,0.13931379999849014,10077.0,1374,3,
50,0,,,,0.02751709999574814,11167.0,318,3,,0.016593499996815808,11734.0,677,9,,0.024915299989515916,11473.0,478,5,,0.02309280000918079,11367.0,377,3,,0.06008270000165794,11822.0,589,3,,0.018430399999488145,11734.0,677,9,,0.030395999987376854,10928.0,609,5,,0.06923039999674074,11076.0,619,3,,0.24298110000381712,9156.0,1827,3,,0.01888820000749547,11734.0,677,9,,0.06133799999952316,10532.0,947,5,,0.11681520000274759,10124.0,1400,3,
51,0,,,,0.027299800000037067,10647.0,319,3,,0.019250999990617856,11223.0,664,9,,0.02562010000110604,10912.0,475,5,,0.02998180000577122,11126.0,369,3,,0.061978999990969896,11659.0,583,3,,0.01948590000392869,11223.0,664,9,,0.029751100009889342,10631.0,579,5,,0.06290280001121573,11256.0,631,3,,0.26031860000512097,8827.0,1838,3,,0.01959060000081081,11223.0,664,9,,0.05904480000026524,10291.0,913,5,,0.11780480000015814,9963.0,1394,3,
52,0,,,,0.02772519999416545,10382.0,313,3,,0.01796240000112448,10745.0,645,9,,0.026504900000873022,10846.0,469,5,,0.024365699995541945,10779.0,365,3,,0.05224820000876207,11017.0,547,3,,0.01863489999959711,10745.0,645,9,,0.031654500009608455,10327.0,573,5,,0.0694054000050528,10895.0,610,3,,0.25482909999846015,8541.0,1786,3,,0.019062799998209812,10745.0,645,9,,0.06252169999061152,9953.0,910,5,,0.136322399994242,9605.0,1340,3,
53,0,,,,0.02820669999346137,10910.0,322,3,,0.021051299991086125,11450.0,665,9,,0.025681200000690296,11635.0,481,5,,0.022600800002692267,11637.0,370,3,,0.0646163999917917,11635.0,579,3,,0.020750399999087676,11450.0,665,9,,0.03553149999061134,11008.0,602,5,,0.06865269999252632,11530.0,607,3,,0.25053610000759363,9010.0,1836,3,,0.020469600000069477,11450.0,665,9,,0.06163949999609031,10526.0,934,5,,0.1367723000003025,10154.0,1380,3,
54,0,,,,0.02930680000281427,11197.0,326,3,,0.021590899996226653,11665.0,673,9,,0.02846890001092106,11512.0,484,5,,0.024246700006187893,11348.0,378,3,,0.07104989999788813,11854.0,585,3,,0.021590899996226653,11665.0,673,9,,0.03649180001229979,10989.0,599,5,,0.07842730000265874,11376.0,617,3,,0.26910260001022834,9129.0,1835,3,,0.021439099989947863,11665.0,673,9,,0.0663252999947872,10397.0,933,5,,0.140087499996298,10049.0,1381,3,
55,0,,,,0.02962190000107512,10240.0,314,3,,0.016975100006675348,10984.0,647,9,,0.02674240000487771,10894.0,472,5,,0.024418500004685484,10705.0,368,3,,0.06395959999645129,11072.0,568,3,,0.01870020000205841,10984.0,647,9,,0.02988240000559017,10380.0,582,5,,0.06872559999465011,10836.0,614,3,,0.2581615000090096,8512.0,1807,3,,0.017078800010494888,10984.0,647,9,,0.06296070000098553,10024.0,918,5,,0.11905000000842847,9592.0,1343,3,
56,0,,,,0.08837369999673683,10974.0,317,3,,0.016725099994800985,11890.0,679,9,,0.02604889999201987,11351.0,468,5,,0.025279499997850507,11086.0,371,3,,0.07068069999513682,11717.0,573,3,,0.018938899986096658,11890.0,679,9,,0.03049299999838695,10807.0,580,5,,0.06495559999893885,11431.0,605,3,,0.24074110000219662,9178.0,1809,3,,0.019259800013969652,11890.0,679,9,,0.06277720000070985,10426.0,937,5,,0.11808240000391379,10034.0,1368,3,
57,0,,,,0.03002919998834841,10348.0,322,3,,0.020120900007896125,10979.0,650,9,,0.026661500000045635,10751.0,468,5,,0.02433519999613054,10639.0,369,3,,0.06635759999335278,11270.0,581,3,,0.020460500003537163,10979.0,650,9,,0.03220889999647625,10225.0,590,5,,0.06866340000124183,10724.0,603,3,,0.26860120000492316,8583.0,1776,3,,0.02020480000646785,10979.0,650,9,,0.06450069999846164,9875.0,901,5,,0.11974880000343546,9455.0,1321,3,
58,0,,,,0.028611100002308376,10440.0,320,3,,0.0195806999981869,10967.0,658,9,,0.02538300000014715,10683.0,467,5,,0.03066499999840744,10523.0,372,3,,0.053038400001241826,11119.0,561,3,,0.019644800006062724,10967.0,658,9,,0.032615300006000325,10223.0,569,5,,0.07987539999885485,10842.0,620,3,,0.230666100003873,8627.0,1789,3,,0.019449499988695607,10967.0,658,9,,0.05878130000201054,9751.0,903,5,,0.13567689999763388,9507.0,1367,3,
59,0,,,,0.027124900007038377,10666.0,315,3,,0.018983499991009012,11211.0,653,9,,0.026499200001126155,10776.0,465,5,,0.023250199999893084,10640.0,367,3,,0.05823559999407735,11219.0,581,3,,0.020134499995037913,11211.0,653,9,,0.03255019999051001,10508.0,592,5,,0.07445960000040941,11091.0,611,3,,0.26544149999972433,8727.0,1799,3,,0.019225700001697987,11211.0,653,9,,0.06259819999104366,10187.0,928,5,,0.14698010000574868,9847.0,1353,3,
60,0,,,,0.029190200002631173,10536.0,318,3,,0.01624440000159666,10981.0,650,9,,0.02719280000019353,10641.0,464,5,,0.024841499995091,10540.0,364,3,,0.057887799994205125,10750.0,562,3,,0.02006039999832865,10981.0,650,9,,0.02979260000574868,9990.0,565,5,,0.06898750000982545,10469.0,599,3,,0.2402237999922363,8389.0,1774,3,,0.01638200000161305,10981.0,650,9,,0.061419699995894916,9601.0,892,5,,0.1287865999911446,9349.0,1341,3,
61,0,,,,0.03236779999861028,12128.0,328,3,,0.020256999996490777,12244.0,674,9,,0.030189199998858385,12206.0,492,5,,0.02477010000438895,11885.0,375,3,,0.07145809999201447,12585.0,606,3,,0.020347199999378063,12244.0,674,9,,0.03624410000338685,11743.0,613,5,,0.06232540000928566,12032.0,638,3,,0.2780918000062229,9842.0,1883,3,,0.0204993000079412,12244.0,674,9,,0.07014550000894815,11374.0,966,5,,0.15374639999936335,10698.0,1400,3,
62,0,,,,0.027696100005414337,10387.0,312,3,,0.016855399997439235,10722.0,643,9,,0.02652220000163652,10629.0,468,5,,0.022372699997504242,10621.0,368,3,,0.059045700007118285,10909.0,558,3,,0.01818440000351984,10722.0,643,9,,0.02790580000146292,10080.0,564,5,,0.06464939999568742,10722.0,602,3,,0.26426540000829846,8510.0,1798,3,,0.019287299990537576,10722.0,643,9,,0.060018100004526787,9642.0,889,5,,0.11350420000962913,9342.0,1319,3,
63,0,,,,0.027714199997717515,11182.0,312,3,,0.01686340000014752,11621.0,657,9,,0.025069900002563372,11415.0,469,5,,0.022786900008213706,11207.0,365,3,,0.06349929999851156,11968.0,591,3,,0.018673099999432452,11621.0,657,9,,0.0314314999995986,10976.0,589,5,,0.06274839999969117,11279.0,583,3,,0.26580740000645164,9137.0,1811,3,,0.01692429999820888,11621.0,657,9,,0.06233790000260342,10509.0,929,5,,0.11984939999820199,10073.0,1368,3,
64,0,,,,0.027827999991131946,11286.0,318,3,,0.0197450999985449,11306.0,657,9,,0.025045499991392717,11501.0,475,5,,0.0222803000069689,11447.0,372,3,,0.05890259999432601,11848.0,565,3,,0.02022710000164807,11306.0,657,9,,0.032818400010000914,10973.0,573,5,,0.06662959999812301,11444.0,606,3,,0.260193000009167,9076.0,1825,3,,0.019795400003204122,11306.0,657,9,,0.058210800008964725,10536.0,924,5,,0.12173790000088047,10204.0,1361,3,
65,0,,,,0.028578299999935552,10306.0,316,3,,0.015417999995406717,11007.0,649,9,,0.024711999998544343,10703.0,465,5,,0.02255650000006426,10553.0,369,3,,0.06233220000285655,10550.0,555,3,,0.019305699999677017,11007.0,649,9,,0.0303225000097882,10232.0,578,5,,0.06800059998931829,10773.0,616,3,,0.2502485000004526,8479.0,1772,3,,0.016034800006309524,11007.0,649,9,,0.056067400000756606,9879.0,902,5,,0.1264818999916315,9551.0,1338,3,
66,0,,,,0.028012399998260662,10470.0,318,3,,0.019528200005879626,11010.0,645,9,,0.024195700010750443,10754.0,463,5,,0.022376100008841604,10672.0,364,3,,0.05225450001307763,11132.0,563,3,,0.019972099995356984,11010.0,645,9,,0.030360100005054846,10376.0,584,5,,0.06352700000570621,11099.0,602,3,,0.2347691000031773,8582.0,1746,3,,0.0209055999876,11010.0,645,9,,0.0528694000095129,9930.0,893,5,,0.11355550000735093,9590.0,1341,3,
67,0,,,,0.02900170000793878,10472.0,317,3,,0.018478400001185946,11086.0,642,9,,0.025947700007236563,11089.0,465,5,,0.02228980000654701,10807.0,363,3,,0.0592564999969909,11074.0,552,3,,0.018484599990188144,11086.0,642,9,,0.03101970000716392,10499.0,574,5,,0.05988960000104271,11095.0,608,3,,0.2378232999908505,8596.0,1734,3,,0.0184605999966152,11086.0,642,9,,0.060270100002526306,10140.0,907,5,,0.11996619999990799,9780.0,1345,3,
68,0,,,,0.032061799996881746,10371.0,324,3,,0.018391599995084107,10897.0,646,9,,0.02764770000067074,10873.0,465,5,,0.0227117000031285,10624.0,367,3,,0.07060099999944214,11071.0,567,3,,0.020347799989394844,10897.0,646,9,,0.03188429999863729,10370.0,591,5,,0.07067030000325758,10825.0,603,3,,0.26611399999819696,8557.0,1809,3,,0.0216709000087576,10897.0,646,9,,0.061499699993873946,9849.0,914,5,,0.14084940000611823,9429.0,1334,3,
69,0,,,,0.02987589999975171,10487.0,311,3,,0.018450700008543208,10937.0,643,9,,0.0270645999989938,10722.0,463,5,,0.023049499999615364,10615.0,364,3,,0.08332769999105949,11035.0,564,3,,0.019582299995818175,10937.0,643,9,,0.030380500000319444,10121.0,548,5,,0.06348959999741055,10650.0,581,3,,0.28431479999562725,8587.0,1784,3,,0.01946460000181105,10937.0,643,9,,0.06777220001094975,9879.0,900,5,,0.1323028000042541,9531.0,1322,3,
70,0,,,,0.027837300003739074,10106.0,312,3,,0.016526899999007583,10619.0,646,9,,0.0247419999941485,10178.0,456,5,,0.02199819999805186,10436.0,360,3,,0.05455640000582207,10456.0,553,3,,0.0182080000085989,10619.0,646,9,,0.027906800009077415,9972.0,552,5,,0.06772279999859165,10553.0,592,3,,0.24748710000130814,8307.0,1749,3,,0.01710599999933038,10619.0,646,9,,0.05743080000684131,9615.0,891,5,,0.11732710000069346,9323.0,1336,3,
71,0,,,,0.029204999998910353,10574.0,325,3,,0.020351500003016554,11037.0,662,9,,0.02600719999463763,10772.0,472,5,,0.024691200000233948,10880.0,368,3,,0.07756210000661667,11149.0,564,3,,0.02018899998802226,11037.0,662,9,,0.03154090000316501,10368.0,585,5,,0.06662889999279287,10935.0,610,3,,0.2751233999879332,8681.0,1759,3,,0.020554200003971346,11037.0,662,9,,0.05927430000156164,9913.0,919,5,,0.12124799999583047,9617.0,1385,3,
72,0,,,,0.030012300005182624,10406.0,319,3,,0.023976399999810383,11089.0,661,9,,0.028787999995984137,10789.0,474,5,,0.025751599998329766,10660.0,370,3,,0.06867300000158139,11057.0,564,3,,0.02313739999954123,11089.0,661,9,,0.0337565999943763,10568.0,576,5,,0.07133940000494476,11136.0,608,3,,0.2932346999878064,8759.0,1838,3,,0.02260460000252351,11089.0,661,9,,0.06833099998766556,10299.0,927,5,,0.14852180000161752,9919.0,1378,3,
73,0,,,,0.02950980000605341,10472.0,314,3,,0.018022199990809895,11135.0,631,9,,0.026493700002902187,10991.0,461,5,,0.022369000012986362,10883.0,364,3,,0.0532412999891676,10571.0,546,3,,0.018573099994682707,11135.0,631,9,,0.033137400008854456,10458.0,574,5,,0.06723729999794159,10802.0,612,3,,0.24274919999879785,8415.0,1670,3,,0.018869700012146495,11135.0,631,9,,0.05736629999591969,9927.0,874,5,,0.12212089999229647,9527.0,1302,3,
74,0,,,,0.030530299991369247,10639.0,318,3,,0.018504899999243207,11210.0,641,9,,0.02749700000276789,10916.0,466,5,,0.024800500003038906,10712.0,372,3,,0.0677228999993531,11102.0,561,3,,0.021791599996504374,11210.0,641,9,,0.03248860000167042,10541.0,575,5,,0.06732849999389146,10796.0,574,3,,0.2757174999860581,8618.0,1706,3,,0.01859870000043884,11210.0,641,9,,0.06666589999804273,9950.0,893,5,,0.1344913000066299,9626.0,1330,3,
75,0,,,,0.03604750000522472,10799.0,319,3,,0.020070200000191107,11217.0,658,9,,0.02752370000234805,11264.0,473,5,,0.026661800002329983,10997.0,363,3,,0.0812999000045238,11436.0,592,3,,0.021353799995267764,11217.0,658,9,,0.03348070000356529,10875.0,590,5,,0.07117949999519624,11357.0,611,3,,0.30189469999459106,8945.0,1800,3,,0.021617299993522465,11217.0,658,9,,0.06992829999944661,10185.0,918,5,,0.13479480000387412,9889.0,1342,3,
76,0,,,,0.028672000000369735,10805.0,317,3,,0.016934800005401485,11225.0,654,9,,0.026097000009031035,10837.0,468,5,,0.024554000003263354,11071.0,368,3,,0.06278799999563489,11306.0,565,3,,0.02079530000628438,11225.0,654,9,,0.031310099991969764,10480.0,572,5,,0.06840709999960382,11089.0,622,3,,0.2549167999968631,8761.0,1773,3,,0.023344300003373064,11225.0,654,9,,0.05822210000769701,10101.0,912,5,,0.12669830000959337,9721.0,1348,3,
77,0,,,,0.032871700008399785,11197.0,323,3,,0.022526500004460104,11467.0,669,9,,0.029725700005656108,11466.0,473,5,,0.028486199997132644,11386.0,382,3,,0.06237600000167731,11668.0,572,3,,0.02297220000764355,11467.0,669,9,,0.037749700000858866,10860.0,589,5,,0.07467119999637362,11029.0,607,3,,0.27650059999723453,9151.0,1861,3,,0.022395899999537505,11467.0,669,9,,0.07502360000216868,10499.0,931,5,,0.16630420000001322,10247.0,1426,3,
78,0,,,,0.029242999997222796,10187.0,315,3,,0.01890359999379143,10821.0,636,9,,0.02655650000087917,10562.0,463,5,,0.02243169999564998,10520.0,362,3,,0.05380580000928603,11068.0,560,3,,0.019373100003576837,10821.0,636,9,,0.03324119999888353,10179.0,574,5,,0.08718400000361726,10752.0,591,3,,0.2345975000062026,8425.0,1741,3,,0.019400100005441345,10821.0,636,9,,0.06366650000563823,9737.0,898,5,,0.13855709999916144,9601.0,1311,3,
79,0,,,,0.029942100009066053,10932.0,317,3,,0.017557300001499243,11525.0,659,9,,0.028799899999285117,11278.0,471,5,,0.024193300007027574,11229.0,372,3,,0.0755384999938542,11483.0,555,3,,0.020501499995589256,11525.0,659,9,,0.02941580000333488,10455.0,553,5,,0.07321449999290053,11051.0,621,3,,0.29091730000800453,8887.0,1797,3,,0.017693800007691607,11525.0,659,9,,0.06741170000168495,10163.0,909,5,,0.1368852000014158,9831.0,1360,3,
80,0,,,,0.02895340000395663,10726.0,319,3,,0.017813300000852905,11097.0,651,9,,0.025992800001404248,10860.0,467,5,,0.023132299989811145,10848.0,370,3,,0.0675210000044899,11238.0,552,3,,0.01873120000527706,11097.0,651,9,,0.031800400000065565,10617.0,578,5,,0.06619559999671765,10963.0,597,3,,0.273164900005213,8751.0,1787,3,,0.018464099994162098,11097.0,651,9,,0.062097000001813285,10071.0,894,5,,0.12767829999211244,9823.0,1355,3,
81,0,,,,0.029423900006804615,10911.0,320,3,,0.019152199995005503,11267.0,659,9,,0.025677400000859052,11241.0,468,5,,0.02195360000769142,11154.0,369,3,,0.06961120000050869,11432.0,559,3,,0.01998219999950379,11267.0,659,9,,0.031613800005288795,10598.0,566,5,,0.07075310000800528,10926.0,590,3,,0.27189699999871664,8899.0,1789,3,,0.020664999989094213,11267.0,659,9,,0.0618702000065241,10079.0,911,5,,0.13675619999412447,9683.0,1353,3,
82,0,,,,0.02924160000111442,10896.0,320,3,,0.01624660000379663,11164.0,642,9,,0.02588830000604503,10908.0,462,5,,0.022785099994507618,10768.0,366,3,,0.06090220001351554,11370.0,573,3,,0.0185230000060983,11164.0,642,9,,0.028410200000507757,10395.0,584,5,,0.06187730000237934,10638.0,612,3,,0.24159579999104608,8784.0,1805,3,,0.019174500004737638,11164.0,642,9,,0.05462860000261571,10000.0,904,5,,0.11462089999986347,9432.0,1324,3,
83,0,,,,0.02888320000784006,10939.0,317,3,,0.01790890000120271,11553.0,671,9,,0.027392399992095307,11386.0,470,5,,0.02459929999895394,11115.0,368,3,,0.062307600004714914,11338.0,565,3,,0.022270399989793077,11553.0,671,9,,0.033951000004890375,10924.0,593,5,,0.07113640000170562,11256.0,626,3,,0.25787210000271443,8937.0,1837,3,,0.021683900005882606,11553.0,671,9,,0.06154419999802485,10185.0,925,5,,0.12788800000271294,9809.0,1365,3,
84,0,,,,0.028405999997630715,11024.0,320,3,,0.02119039998797234,11617.0,682,9,,0.027242700001806952,11437.0,475,5,,0.022953399995458312,11450.0,373,3,,0.0562015000032261,11878.0,563,3,,0.020849699998507276,11617.0,682,9,,0.034070399997290224,11194.0,597,5,,0.06871880000107922,11594.0,608,3,,0.24402749999717344,9181.0,1851,3,,0.02114340000844095,11617.0,682,9,,0.05754259999957867,10665.0,950,5,,0.13891559999319725,10293.0,1386,3,
85,0,,,,0.034282900000107475,10670.0,316,3,,0.020919400005368516,11092.0,656,9,,0.02793740000925027,11040.0,466,5,,0.024337299997569062,10924.0,362,3,,0.0676919999968959,11297.0,544,3,,0.020432399993296713,11092.0,656,9,,0.03548209999280516,10523.0,577,5,,0.06751019999501295,11107.0,600,3,,0.2775802000105614,8690.0,1746,3,,0.02089200000045821,11092.0,656,9,,0.06386940000811592,10042.0,913,5,,0.1464955999981612,9722.0,1366,3,
86,0,,,,0.028792400000384077,11058.0,319,3,,0.01786990000982769,11211.0,670,9,,0.02534830001241062,11185.0,474,5,,0.02267960000608582,10832.0,369,3,,0.05790460000571329,11694.0,581,3,,0.019136699993396178,11211.0,670,9,,0.032691799991880544,11156.0,601,5,,0.07004849999793805,11386.0,622,3,,0.2530105000041658,8967.0,1830,3,,0.01799550000578165,11211.0,670,9,,0.05855390000215266,10387.0,924,5,,0.13695679999364074,9895.0,1394,3,
87,0,,,,0.029541099997004494,10710.0,316,3,,0.018902700001490302,11260.0,651,9,,0.02658970000629779,11036.0,467,5,,0.023561900001368485,11107.0,366,3,,0.06010770000284538,11396.0,549,3,,0.021242099988739938,11260.0,651,9,,0.030495000013615936,10662.0,580,5,,0.07251980000000913,11125.0,611,3,,0.2502944000007119,8890.0,1772,3,,0.022310300002573058,11260.0,651,9,,0.055922600004123524,10178.0,916,5,,0.13566739999805577,9850.0,1340,3,
88,0,,,,0.03110700000252109,11258.0,322,3,,0.02035339998838026,11695.0,666,9,,0.028588499990291893,11612.0,473,5,,0.025062999993679114,11444.0,374,3,,0.06123220000881702,11438.0,554,3,,0.021791299994220026,11695.0,666,9,,0.03538239999033976,10887.0,583,5,,0.1256646000110777,11680.0,615,3,,0.24860390000685584,9105.0,1777,3,,0.020845099992584437,11695.0,666,9,,0.06406210000568535,10537.0,934,5,,0.1476295000029495,10241.0,1374,3,
89,0,,,,0.032038299992564134,11107.0,317,3,,0.021332700009224936,11492.0,670,9,,0.027252100000623614,11398.0,475,5,,0.02402129999245517,11314.0,374,3,,0.09509260000777431,11390.0,577,3,,0.023174999994807877,11492.0,670,9,,0.035487300003296696,10817.0,584,5,,0.06998980000207666,11128.0,616,3,,0.3015341999998782,9004.0,1870,3,,0.022979100001975894,11492.0,670,9,,0.07395000000542495,10412.0,935,5,,0.16935320000629872,10068.0,1380,3,
90,0,,,,0.029009500009124167,11290.0,319,3,,0.01871180000307504,11641.0,663,9,,0.025642900000093505,11401.0,469,5,,0.02286259998800233,11173.0,368,3,,0.05654940000385977,11715.0,582,3,,0.01902249999693595,11641.0,663,9,,0.03285209999012295,11035.0,584,5,,0.07090080001216847,11357.0,612,3,,0.23568719999457244,9129.0,1827,3,,0.01871039999241475,11641.0,663,9,,0.0633044999995036,10497.0,930,5,,0.14178069999616127,10145.0,1384,3,
91,0,,,,0.030746699994779192,10202.0,311,3,,0.018113300000550225,10648.0,648,9,,0.02675610000733286,10196.0,457,5,,0.03270540000812616,10237.0,359,3,,0.05689259999780916,10572.0,540,3,,0.020800699989194982,10648.0,648,9,,0.02761580000515096,9590.0,528,5,,0.06718860000546556,10352.0,597,3,,0.2713924000127008,8176.0,1727,3,,0.018835500013665296,10648.0,648,9,,0.070672600006219,9328.0,876,5,,0.1371845000103349,9064.0,1335,3,
92,0,,,,0.02966460000607185,11209.0,320,3,,0.018787900000461377,11452.0,663,9,,0.026965500001097098,11402.0,474,5,,0.024752600002102554,11262.0,370,3,,0.05743790000269655,11394.0,572,3,,0.02044700000260491,11452.0,663,9,,0.035016999987419695,10680.0,585,5,,0.07438430000911467,11204.0,603,3,,0.25369539999519475,8948.0,1824,3,,0.019176399990101345,11452.0,663,9,,0.0619587999972282,10256.0,928,5,,0.12970019999193028,9884.0,1347,3,
93,0,,,,0.02913789999729488,10357.0,323,3,,0.01681079999252688,10835.0,645,9,,0.027033899998059496,10634.0,474,5,,0.023120699988794513,10610.0,368,3,,0.05536739999661222,10839.0,556,3,,0.020258900010958314,10835.0,645,9,,0.02972770000633318,10070.0,570,5,,0.07323809999797959,10786.0,615,3,,0.2716482999967411,8369.0,1722,3,,0.016692300006980076,10835.0,645,9,,0.057517299996106885,9825.0,905,5,,0.1355193000053987,9513.0,1334,3,
94,0,,,,0.031727900000987574,10980.0,317,3,,0.020350299993879162,11341.0,659,9,,0.027212099987082183,10972.0,465,5,,0.02509539999300614,10842.0,368,3,,0.06871579999278765,11682.0,562,3,,0.020407299991347827,11341.0,659,9,,0.03166610001062509,10676.0,560,5,,0.0656608999997843,10962.0,607,3,,0.30414789999485947,8921.0,1818,3,,0.020711699995445088,11341.0,659,9,,0.06728299999667797,10309.0,907,5,,0.14977099999669008,9729.0,1358,3,
95,0,,,,0.031174100004136562,10918.0,324,3,,0.02181209999253042,11261.0,665,9,,0.02787440000975039,11150.0,476,5,,0.02370360000350047,10887.0,373,3,,0.060251699993386865,11414.0,566,3,,0.021092099996167235,11261.0,665,9,,0.030835300000035204,10568.0,583,5,,0.0628969999961555,11188.0,607,3,,0.27076230000238866,9031.0,1855,3,,0.019887099988409318,11261.0,665,9,,0.061816999994334765,10151.0,934,5,,0.13292030000593513,9807.0,1375,3,
96,0,,,,0.03219469999021385,10208.0,312,3,,0.021868099996936508,10647.0,639,9,,0.02916410000761971,10642.0,474,5,,0.02269209999940358,10675.0,365,3,,0.07457240000076126,10741.0,557,3,,0.021430599997984245,10647.0,639,9,,0.02972560000489466,10010.0,582,5,,0.06400240000220947,10511.0,611,3,,0.31203240000468213,8371.0,1749,3,,0.021507400000700727,10647.0,639,9,,0.07320559999789111,9659.0,904,5,,0.12661050001042895,9299.0,1301,3,
97,0,,,,0.029807599988998845,10179.0,318,2,,0.016952699996181764,10824.0,651,8,,0.025916200000210665,10614.0,467,4,,0.024028300002100877,10674.0,365,3,,0.07642209999903571,10750.0,579,2,,0.01805919999605976,10824.0,651,8,,0.03347510000457987,10313.0,600,4,,0.07193449999613222,11011.0,627,3,,0.2644243000104325,8292.0,1775,2,,0.01875629999267403,10824.0,651,8,,0.05868380000174511,9824.0,913,4,,0.13494640000863,9684.0,1349,3,
98,0,,,,0.02916439999535214,10645.0,321,3,,0.019444899997324683,10933.0,640,9,,0.025113099996815436,10950.0,466,5,,0.030979700008174405,10780.0,368,3,,0.05266929999925196,11442.0,570,3,,0.019185099998139776,10933.0,640,9,,0.033150200004456565,10480.0,573,5,,0.06484089999867138,10806.0,590,3,,0.23575730000447948,8797.0,1790,3,,0.019313700002385303,10933.0,640,9,,0.0628327000013087,9997.0,906,5,,0.1407162999967113,9581.0,1334,3,
99,0,,,,0.03140209999401122,11416.0,326,3,,0.01769530000456143,11750.0,652,9,,0.02507089999562595,11581.0,472,5,,0.02397959999507293,11618.0,371,3,,0.06245630000194069,12187.0,588,3,,0.017943600003491156,11750.0,652,9,,0.0325145000097109,11112.0,592,5,,0.06894769999780692,11780.0,596,3,,0.250906400004169,9226.0,1805,3,,0.017552999997860752,11750.0,652,9,,0.05444649999844842,10594.0,909,5,,0.1274658000038471,10274.0,1384,3,
100,0,,,,0.030703600001288578,10400.0,320,3,,0.019454499997664243,10967.0,649,9,,0.02900739999313373,10855.0,467,5,,0.0233612999873003,10821.0,367,3,,0.06606209999881685,10814.0,552,3,,0.02125279999745544,10967.0,649,9,,0.03232739999657497,10506.0,571,5,,0.07214899999962654,10968.0,627,3,,0.30512740000267513,8717.0,1822,3,,0.019369200002984144,10967.0,649,9,,0.07116359999054112,10053.0,920,5,,0.1331722000031732,9805.0,1363,3,
101,0,,,,0.029127699992386624,10693.0,319,3,,0.020397200001752935,11147.0,664,9,,0.027738900011172518,10923.0,469,5,,0.02349310000136029,10958.0,371,3,,0.061559400011901744,11513.0,584,3,,0.021096099997521378,11147.0,664,9,,0.033430700001190417,10369.0,581,5,,0.07064640001044609,10928.0,600,3,,0.28219410000019707,8821.0,1808,3,,0.021176800000830553,11147.0,664,9,,0.06033229999593459,9913.0,916,5,,0.13935460000357125,9581.0,1360,3,
102,0,,,,0.029472399997757748,10803.0,320,3,,0.019767400008277036,11240.0,662,9,,0.027230399995460175,10923.0,468,5,,0.024136299995006993,10836.0,374,3,,0.06204520000028424,11370.0,559,3,,0.020215299999108538,11240.0,662,9,,0.03326290000404697,10665.0,578,5,,0.07558650001010392,11190.0,610,3,,0.24571259999356698,8798.0,1792,3,,0.01977469999110326,11240.0,662,9,,0.06313660000159871,10254.0,929,5,,0.13877179998962674,9982.0,1390,3,
103,0,,,,0.0468886000016937,10647.0,315,3,,0.019794500010902993,11287.0,649,9,,0.02589570000418462,11139.0,466,5,,0.021693600006983615,10979.0,372,3,,0.059847299999091774,11636.0,567,3,,0.01983410000684671,11287.0,649,9,,0.029074899997795,10702.0,557,5,,0.061182999997981824,11321.0,582,3,,0.24998690000211354,8907.0,1776,3,,0.01971739999135025,11287.0,649,9,,0.059384300009696744,10299.0,897,5,,0.13873609999427572,9971.0,1328,3,
104,0,,,,0.030544699999154545,10724.0,322,3,,0.01838530000532046,11113.0,671,9,,0.026291000001947396,11172.0,479,5,,0.02277199999662116,11090.0,370,3,,0.071093499995186,11114.0,559,3,,0.02020409998658579,11113.0,671,9,,0.032088799998746254,10767.0,597,5,,0.0643772000039462,11070.0,620,3,,0.2748908999928972,8859.0,1844,3,,0.024778899998636916,11113.0,671,9,,0.06165590000455268,10255.0,940,5,,0.14396599998872261,9947.0,1410,3,
