matrix_index,bvn_perms,bvn_cycle,bvn_runtime,bvn_matching,heavy_max_16_time,heavy_max_16_cycle,heavy_max_16_perms,heavy_max_16_planes,heavy_max_16_split,heavy_max_2_time,heavy_max_2_cycle,heavy_max_2_perms,heavy_max_2_planes,heavy_max_2_split,heavy_max_4_time,heavy_max_4_cycle,heavy_max_4_perms,heavy_max_4_planes,heavy_max_4_split,heavy_max_8_time,heavy_max_8_cycle,heavy_max_8_perms,heavy_max_8_planes,heavy_max_8_split,heavy_median_16_time,heavy_median_16_cycle,heavy_median_16_perms,heavy_median_16_planes,heavy_median_16_split,heavy_median_2_time,heavy_median_2_cycle,heavy_median_2_perms,heavy_median_2_planes,heavy_median_2_split,heavy_median_4_time,heavy_median_4_cycle,heavy_median_4_perms,heavy_median_4_planes,heavy_median_4_split,heavy_median_8_time,heavy_median_8_cycle,heavy_median_8_perms,heavy_median_8_planes,heavy_median_8_split,heavy_min_16_time,heavy_min_16_cycle,heavy_min_16_perms,heavy_min_16_planes,heavy_min_16_split,heavy_min_2_time,heavy_min_2_cycle,heavy_min_2_perms,heavy_min_2_planes,heavy_min_2_split,heavy_min_4_time,heavy_min_4_cycle,heavy_min_4_perms,heavy_min_4_planes,heavy_min_4_split,heavy_min_8_time,heavy_min_8_cycle,heavy_min_8_perms,heavy_min_8_planes,heavy_min_8_split
0,0,,,,0.1068918999953894,10385.0,320,3,,0.10014169999340083,11164.0,636,9,,0.0581188999931328,10815.0,461,5,,0.08844359999056906,10719.0,365,3,,0.15005009999731556,9268.0,537,3,,0.025929900002665818,11164.0,636,9,,0.06320350000169128,9802.0,530,5,,0.10347650000767317,9456.0,503,3,,0.7649759000050835,8414.0,1410,3,,2.0796567000070354,11164.0,636,9,,0.13976790000742767,9738.0,867,5,,0.37470489999395795,9326.0,1150,3,
1,0,,,,0.11306289999629371,11629.0,330,3,,0.030595600008382462,12103.0,668,9,,0.06079610000597313,11915.0,476,5,,0.09066319999692496,11558.0,380,3,,0.17197360000864137,10306.0,546,3,,0.031427599999005906,12103.0,668,9,,0.066661099990597,11001.0,554,5,,0.10821170000417624,10425.0,536,3,,0.8714040000049863,9671.0,1446,3,,0.032378400006564334,12103.0,668,9,,0.14542190000065602,10831.0,915,5,,0.3952741999964928,10287.0,1200,3,
2,0,,,,0.11659840001084376,10658.0,325,3,,0.030010200003744103,11520.0,667,9,,0.06482040000264533,11042.0,473,5,,0.09344200001214631,11066.0,377,3,,0.16601600000285544,9557.0,545,3,,0.030530200005159713,11520.0,667,9,,0.06781120000232477,10260.0,553,5,,0.11608949999208562,9939.0,517,3,,0.8458370999869658,8914.0,1450,3,,0.02965930000937078,11520.0,667,9,,0.155630100009148,10178.0,913,5,,0.4023839000001317,9818.0,1214,3,
3,0,,,,0.11248599999817088,10514.0,329,3,,0.031238499999744818,11204.0,673,9,,0.06812609999906272,10807.0,474,5,,0.09075010000378825,10699.0,367,3,,0.15987789999053348,9326.0,532,3,,0.031534999987343326,11204.0,673,9,,0.0654147000022931,10010.0,553,5,,0.10525649999908637,9601.0,511,3,,0.8172484999959124,8670.0,1441,3,,0.03178249999473337,11204.0,673,9,,0.15025739998964127,9906.0,911,5,,0.4008696999953827,9566.0,1192,3,
4,0,,,,0.1114707999950042,10551.0,317,3,,0.03307100001256913,11210.0,668,9,,0.061390400005620904,10830.0,472,5,,0.08909579999453854,10785.0,369,3,,0.16702059999806806,9606.0,527,3,,0.03316619999532122,11210.0,668,9,,0.0665372999937972,10009.0,537,5,,0.11117499999818392,9764.0,505,3,,0.9389627999917138,8782.0,1415,3,,0.03241410000191536,11210.0,668,9,,0.15765880000253674,9994.0,905,5,,0.44824359999620356,9662.0,1165,3,
5,0,,,,0.10765220000757836,11704.0,326,3,,0.03080989999580197,12227.0,682,9,,0.06389399999170564,11940.0,485,5,,0.09182919999875594,11957.0,376,3,,0.1758374999917578,10388.0,553,3,,0.031198399999993853,12227.0,682,9,,0.07047469999815803,11159.0,575,5,,0.1172845000110101,10875.0,555,3,,0.8626536999945529,9611.0,1479,3,,0.030512600002111867,12227.0,682,9,,0.16620520000287797,10955.0,935,5,,0.45887230000516865,10587.0,1244,3,
6,0,,,,0.1435836000018753,10282.0,311,3,,0.03071089999866672,10823.0,653,9,,0.06597409999812953,10539.0,467,5,,0.08607720000145491,10528.0,363,3,,0.15834580000955611,9327.0,526,3,,0.031301900002290495,10823.0,653,9,,0.06777919999149162,9734.0,534,5,,0.10994590001064353,9594.0,507,3,,0.9690839000104461,8605.0,1430,3,,0.030961500000557862,10823.0,653,9,,0.1619113000051584,9649.0,905,5,,0.47119080000265967,9333.0,1208,3,
7,0,,,,0.11102669998945203,10648.0,314,3,,0.029294299994944595,11167.0,643,9,,0.06066020000434946,11096.0,468,5,,0.086642700000084,11064.0,370,3,,0.16650960000697523,9548.0,543,3,,0.028809700001147576,11167.0,643,9,,0.06292399999802001,10446.0,547,5,,0.10470660000282805,10245.0,526,3,,0.8374046999961138,8845.0,1417,3,,0.02831069999956526,11167.0,643,9,,0.14259930000116583,10369.0,892,5,,0.42465079999237787,10077.0,1205,3,
8,0,,,,0.11115890000655781,10932.0,323,3,,0.029739699995843694,11410.0,662,9,,0.06393380000372417,11334.0,482,5,,0.0879516999993939,11082.0,376,3,,0.1622975999925984,9659.0,502,3,,0.030968799997936003,11410.0,662,9,,0.0662704999995185,10350.0,543,5,,0.10780960001284257,10071.0,499,3,,0.9355080000095768,8802.0,1379,3,,0.030251099989982322,11410.0,662,9,,0.15726800000993535,10314.0,899,5,,0.42678130000422243,10002.0,1174,3,
9,0,,,,0.11491960000421386,11752.0,329,3,,0.03226709998853039,12445.0,681,9,,0.06767770000442397,11919.0,488,5,,0.0931121999892639,11833.0,373,3,,0.1734911999956239,10660.0,552,3,,0.03283869998995215,12445.0,681,9,,0.07734530000016093,11354.0,575,5,,0.1215066000004299,10930.0,596,3,,1.0286475000029895,9687.0,1463,3,,0.032369399996241555,12445.0,681,9,,0.16720510000595823,11175.0,938,5,,0.44598380000388715,10663.0,1262,3,
10,0,,,,0.11179780001111794,10338.0,316,3,,0.02934379999351222,10851.0,652,9,,0.061439299999619834,10657.0,464,5,,0.08816070000466425,10556.0,363,3,,0.16552199999568984,9389.0,517,3,,0.031043099996168166,10851.0,652,9,,0.06492829999479,9862.0,547,5,,0.1089776000007987,9521.0,509,3,,0.816178499997477,8629.0,1368,3,,0.02980560000287369,10851.0,652,9,,0.15035480000369716,9801.0,895,5,,0.3971750000055181,9461.0,1167,3,
11,0,,,,0.12850380000600126,10983.0,324,3,,0.030512900004396215,11505.0,660,9,,0.06627840000146534,11314.0,477,5,,0.09262699999089818,11282.0,376,3,,0.16754959999525454,10106.0,575,3,,0.03090909999446012,11505.0,660,9,,0.06998580000072252,10656.0,553,5,,0.1211911999998847,10559.0,551,3,,0.9348005999927409,9015.0,1419,3,,0.030446599994320422,11505.0,660,9,,0.15907080000033602,10367.0,904,5,,0.42744369999854825,10055.0,1225,3,
12,0,,,,0.11202229998889379,10698.0,323,3,,0.03662939999776427,11543.0,662,9,,0.06712039999547414,11119.0,472,5,,0.09105550000094809,11178.0,370,3,,0.15881999999692198,9745.0,521,3,,0.03272370000195224,11543.0,662,9,,0.06906430001254193,10150.0,552,5,,0.11499909999838565,9992.0,509,3,,0.8773895000049379,8901.0,1406,3,,0.031122400003368966,11543.0,662,9,,0.15398699999786913,10129.0,910,5,,0.4312919000076363,9813.0,1182,3,
13,0,,,,0.10932970000430942,10729.0,315,3,,0.029393799995887093,11039.0,651,9,,0.06490640000265557,10883.0,462,5,,0.08258370000112336,10641.0,363,3,,0.16530379999312572,9674.0,533,3,,0.03045209999254439,11039.0,651,9,,0.0629905000096187,9988.0,531,5,,0.11003699999128003,9806.0,530,3,,0.8656045000097947,8711.0,1400,3,,0.030718399997567758,11039.0,651,9,,0.15323260000150185,9923.0,894,5,,0.47158180001133587,9511.0,1188,3,
14,0,,,,0.11467920000723097,10021.0,311,3,,0.03262640000320971,10486.0,641,9,,0.07043370000610594,10540.0,454,5,,0.08341500000096858,10408.0,362,3,,0.17833519999112468,9074.0,563,3,,0.03142919999663718,10486.0,641,9,,0.06458819999534171,9963.0,565,5,,0.11488619999727234,9805.0,566,3,,0.861123900001985,8214.0,1378,3,,0.03125949999957811,10486.0,641,9,,0.15226470000925474,9722.0,898,5,,0.40103360000648536,9366.0,1154,3,
15,0,,,,0.11333560000639409,11257.0,321,3,,0.029880600006435998,11748.0,667,9,,0.0634105999924941,11333.0,477,5,,0.08856570000352804,11333.0,368,3,,0.1664635999914026,10279.0,576,3,,0.031501700010267086,11748.0,667,9,,0.06886690000828821,10255.0,532,5,,0.10573150000709575,10256.0,527,3,,0.8802698999934364,9152.0,1403,3,,0.03159800000139512,11748.0,667,9,,0.15361229999689385,10232.0,889,5,,0.4298939000000246,9904.0,1185,3,
16,0,,,,0.11644300000625663,10549.0,323,3,,0.07979859999613836,11157.0,671,9,,0.06499549999716692,11010.0,475,5,,0.08788309998635668,10999.0,371,3,,0.1681842000107281,9476.0,524,3,,0.032146600002306513,11157.0,671,9,,0.06605399999534711,10108.0,556,5,,0.1117995999957202,9948.0,522,3,,0.8843054999888409,8705.0,1357,3,,0.03171120000479277,11157.0,671,9,,0.1498361000121804,10025.0,908,5,,0.46233049999864306,9689.0,1202,3,
17,0,,,,0.11081709999416489,11751.0,328,3,,0.03230799999437295,12354.0,668,9,,0.06604669999796897,12140.0,480,5,,0.09453329999814741,11779.0,382,3,,0.16713760000129696,10198.0,534,3,,0.032139899994945154,12354.0,668,9,,0.07372359999862965,11112.0,550,5,,0.12100319999444764,10560.0,551,3,,0.8446314999891911,9622.0,1447,3,,0.032671799999661744,12354.0,668,9,,0.16190089999872725,10870.0,912,5,,0.4708107999904314,10406.0,1200,3,
18,0,,,,0.11534259999461938,10973.0,315,3,,0.03232220000063535,11299.0,661,9,,0.0682202000025427,11188.0,475,5,,0.08701509999809787,11286.0,368,3,,0.1622542999975849,9606.0,514,3,,0.03366539999842644,11299.0,661,9,,0.06395349999365862,10213.0,550,5,,0.11269220001122449,9923.0,529,3,,0.9787439999927301,8791.0,1379,3,,0.031565500001306646,11299.0,661,9,,0.16250470001250505,10039.0,905,5,,0.44667580000532325,9815.0,1216,3,
19,0,,,,0.1096669000107795,10938.0,319,3,,0.031183099999907427,11415.0,657,9,,0.063641100001405,11165.0,474,5,,0.0868897000036668,11033.0,373,3,,0.16928390000248328,9737.0,535,3,,0.031633899998269044,11415.0,657,9,,0.06831760000204667,10252.0,552,5,,0.11234579999290872,9865.0,509,3,,0.8560643999953754,8981.0,1414,3,,0.031207300009555183,11415.0,657,9,,0.1471297000098275,10041.0,893,5,,0.41360839999106247,9693.0,1160,3,
20,0,,,,0.11769400000048336,11091.0,325,3,,0.03198600000177976,11478.0,668,9,,0.06568010000046343,11219.0,475,5,,0.09783539999625646,11015.0,371,3,,0.1748799000051804,9941.0,532,3,,0.03241620000335388,11478.0,668,9,,0.07185510000272188,10458.0,549,5,,0.1180640999955358,10092.0,498,3,,0.8960138999973424,9150.0,1436,3,,0.031478999997489154,11478.0,668,9,,0.16071349999401718,10378.0,908,5,,0.475914599999669,10046.0,1179,3,
21,0,,,,0.11101200000848621,10311.0,316,3,,0.028033299997332506,10795.0,636,9,,0.06198450000374578,10642.0,463,5,,0.08140620001358911,10691.0,357,3,,0.17166709998855367,9166.0,550,3,,0.029543599986936897,10795.0,636,9,,0.06607439999061171,9959.0,547,5,,0.10796470000059344,9878.0,558,3,,0.9293064000084996,8351.0,1341,3,,0.030204199996660464,10795.0,636,9,,0.1477348000044003,9671.0,880,5,,0.440768600004958,9327.0,1169,3,
22,0,,,,0.11145649998798035,10726.0,322,3,,0.03131339998799376,11490.0,646,9,,0.06352559999504592,11127.0,473,5,,0.0911744000040926,11087.0,367,3,,0.1735954000032507,9689.0,532,3,,0.03245660000538919,11490.0,646,9,,0.06784129999869037,10320.0,546,5,,0.11542239999107551,9952.0,523,3,,0.9201946000102907,8824.0,1411,3,,0.033227799998712726,11490.0,646,9,,0.15409310000541154,10176.0,890,5,,0.42410089999611955,9856.0,1185,3,
23,0,,,,0.11123070000030566,10590.0,313,3,,0.03080180000688415,11232.0,653,9,,0.06252989999484271,11037.0,461,5,,0.08336770000460092,10722.0,363,3,,0.17110459999821614,9423.0,509,3,,0.03296050000062678,11232.0,653,9,,0.06619270000373945,10075.0,523,5,,0.11086640000576153,9590.0,485,3,,0.8635394999873824,8790.0,1398,3,,0.030794100006460212,11232.0,653,9,,0.15264600000227802,10074.0,884,5,,0.41119280000566505,9454.0,1139,3,
24,0,,,,0.11024840000027325,10489.0,317,3,,0.029361200009589083,11039.0,646,9,,0.06499430000258144,10655.0,466,5,,0.08996979999938048,10686.0,358,3,,0.15948539999953937,9416.0,488,3,,0.033326999997370876,11039.0,646,9,,0.06541349999315571,9899.0,534,5,,0.11026839999249205,9861.0,508,3,,0.8556302999932086,8711.0,1359,3,,0.032973900000797585,11039.0,646,9,,0.15866630000527948,9875.0,896,5,,0.42002140000113286,9535.0,1138,3,
25,0,,,,0.11120119999395683,10413.0,317,3,,0.028876100011984818,11155.0,647,9,,0.06208180000248831,10731.0,460,5,,0.08326909999595955,10748.0,362,3,,0.16847590000543278,9290.0,511,3,,0.029964799992740154,11155.0,647,9,,0.06382830000075046,9863.0,527,5,,0.10684810001112055,9636.0,505,3,,0.7934427000000142,8563.0,1325,3,,0.030449900004896335,11155.0,647,9,,0.14929620000475552,9851.0,876,5,,0.39248000000952743,9467.0,1156,3,
26,0,,,,0.11215739999897778,10547.0,320,3,,0.031509300009929575,11423.0,665,9,,0.06469869999273214,11090.0,476,5,,0.08297959998890292,10942.0,372,3,,0.1502386999927694,9330.0,495,3,,0.03112400000100024,11423.0,665,9,,0.06883479999669362,10431.0,560,5,,0.10548169999674428,10159.0,519,3,,0.8371387999941362,8697.0,1404,3,,0.030566799992811866,11423.0,665,9,,0.1547976000001654,10333.0,922,5,,0.40818559999752324,9985.0,1183,3,
27,0,,,,0.13612229999853298,10722.0,312,3,,0.030133899999782443,11150.0,646,9,,0.06055860000196844,11111.0,463,5,,0.08297820000734646,11045.0,368,3,,0.15344680000271183,9547.0,531,3,,0.030174599989550188,11150.0,646,9,,0.06530639999255072,10216.0,529,5,,0.10918850000598468,9988.0,544,3,,0.7820031000010204,8732.0,1316,3,,0.02937699999893084,11150.0,646,9,,0.14596229999733623,9972.0,881,5,,0.3965672999911476,9684.0,1180,3,
28,0,,,,0.10941610000736546,11131.0,315,3,,0.029818499999237247,11575.0,661,9,,0.06350049999309704,11187.0,480,5,,0.08728960000735242,11160.0,371,3,,0.17485290000331588,10070.0,533,3,,0.03151129999605473,11575.0,661,9,,0.06797930000175256,10473.0,546,5,,0.11133060000429396,10193.0,515,3,,0.8656303000025218,9177.0,1456,3,,0.03167919999395963,11575.0,661,9,,0.15663520000816789,10393.0,920,5,,0.4098270999966189,10137.0,1192,3,
29,0,,,,0.11839170000166632,10908.0,322,3,,0.091239500005031,11706.0,673,9,,0.06614809999882709,11089.0,474,5,,0.09505289999651723,11000.0,379,3,,0.16189350000058766,9691.0,551,3,,0.031113600009121,11706.0,673,9,,0.06767380000383127,10224.0,552,5,,0.11352859999169596,9927.0,512,3,,0.9137384999921778,9009.0,1468,3,,0.030876399992848746,11706.0,673,9,,0.1560833000112325,10153.0,919,5,,0.4216438000003109,9793.0,1190,3,
30,0,,,,0.10846659999515396,10661.0,323,3,,0.03150479999021627,11276.0,665,9,,0.06448620000446681,10965.0,479,5,,0.086067299998831,10904.0,375,3,,0.15936159998818766,9861.0,533,3,,0.032367299994803034,11276.0,665,9,,0.06854760000715032,10174.0,553,5,,0.11797010000736918,9780.0,509,3,,0.9303349000110757,8846.0,1374,3,,0.031500299999606796,11276.0,665,9,,0.15923810000822414,10054.0,906,5,,0.4587275999947451,9654.0,1170,3,
31,0,,,,0.10673790000146255,10732.0,313,3,,0.03101240000978578,11245.0,647,9,,0.06042870000237599,10978.0,467,5,,0.08721260000311304,11101.0,365,3,,0.15395019999414217,9872.0,509,3,,0.03051350000896491,11245.0,647,9,,0.06383359999745153,10121.0,530,5,,0.10464010000578128,9860.0,509,3,,0.8546881000074791,8901.0,1386,3,,0.030640900004073046,11245.0,647,9,,0.15020889999868814,10117.0,882,5,,0.4046392000018386,9845.0,1186,3,
32,0,,,,0.11127170000690967,11132.0,322,3,,0.03250780000234954,12005.0,677,9,,0.06436920000123791,11508.0,483,5,,0.08904780000739265,11466.0,372,3,,0.16639199999917764,9936.0,541,3,,0.03293989998928737,12005.0,677,9,,0.06675259998883121,10862.0,572,5,,0.11280570000235457,10558.0,538,3,,0.8942749999987427,9213.0,1471,3,,0.03298799999174662,12005.0,677,9,,0.1610346999950707,10721.0,937,5,,0.42905740000423975,10397.0,1223,3,
33,0,,,,0.1063984999927925,11399.0,319,3,,0.030900099998689257,11697.0,656,9,,0.06396920001134276,11481.0,469,5,,0.08916150000004563,11340.0,367,3,,0.16425940000044648,10198.0,518,3,,0.03159410000080243,11697.0,656,9,,0.06694520000019111,10577.0,544,5,,0.11193710000952706,10272.0,507,3,,0.9397805000044173,9249.0,1370,3,,0.03189820000261534,11697.0,656,9,,0.16248530001030304,10513.0,913,5,,0.42793320000055246,10177.0,1182,3,
34,0,,,,0.11624099999608006,10486.0,317,3,,0.03005650000704918,10669.0,642,9,,0.06743480000295676,10480.0,467,5,,0.08698469999944791,10448.0,369,3,,0.15380300000833813,9183.0,508,3,,0.03110210000886582,10669.0,642,9,,0.0679935999942245,9774.0,536,5,,0.11286079999990761,9416.0,509,3,,0.8155066000035731,8373.0,1375,3,,0.03152899999986403,10669.0,642,9,,0.1511255999939749,9605.0,884,5,,0.42846200001076795,9309.0,1171,3,
35,0,,,,0.11109849999775179,10929.0,312,3,,0.03080239999690093,11470.0,646,9,,0.06602750001184177,11108.0,467,5,,0.09271939999598544,10994.0,360,3,,0.1734989999968093,9683.0,500,3,,0.033276100002694875,11470.0,646,9,,0.07137279999733437,10605.0,541,5,,0.11925930000143126,10346.0,521,3,,0.9854996999929426,8836.0,1330,3,,0.039581899996846914,11470.0,646,9,,0.1613795999874128,10445.0,895,5,,0.46326230000704527,10068.0,1163,3,
36,0,,,,0.11093950000940822,10643.0,316,3,,0.03169420000631362,11046.0,645,9,,0.06304710000404157,10935.0,472,5,,0.08400540000002366,10894.0,370,3,,0.14684260000649374,9742.0,491,3,,0.03251770000497345,11046.0,645,9,,0.06643049999547657,10255.0,537,5,,0.1113714999955846,10031.0,521,3,,0.8584278000053018,8844.0,1389,3,,0.03286520000256132,11046.0,645,9,,0.15991040000517387,10248.0,894,5,,0.42948409999371506,9884.0,1176,3,
37,0,,,,0.1075663999945391,10586.0,316,3,,0.029264600001624785,10863.0,639,9,,0.06409319999511354,10752.0,464,5,,0.09876799999619834,10796.0,361,3,,0.1636212000012165,9471.0,533,3,,0.030782000001636334,10863.0,639,9,,0.06794049999734852,9954.0,550,5,,0.10683309999876656,9622.0,517,3,,0.8771797000081278,8553.0,1381,3,,0.03153480000037234,10863.0,639,9,,0.16157579999708105,9885.0,897,5,,0.4195794000115711,9545.0,1173,3,
38,0,,,,0.11424429999897256,10390.0,315,3,,0.03333349998865742,11061.0,661,9,,0.0686952999967616,10737.0,475,5,,0.08644179999828339,10514.0,370,3,,0.15616250000311993,9090.0,477,3,,0.033472700000857,11061.0,661,9,,0.0653697999950964,9831.0,546,5,,0.11510249999992084,9560.0,514,3,,0.8602779000066221,8485.0,1379,3,,0.03343460000178311,11061.0,661,9,,0.163585599992075,9769.0,905,5,,0.4495674999925541,9477.0,1176,3,
39,0,,,,0.11587590000999626,11349.0,323,3,,0.03378559999691788,12107.0,675,9,,0.06667970000125933,11718.0,482,5,,0.0891505000035977,11822.0,372,3,,0.16802840000309516,10218.0,516,3,,0.034055600001011044,12107.0,675,9,,0.07344690000172704,10856.0,548,5,,0.12542290000419598,10652.0,545,3,,1.0035265000042273,9323.0,1385,3,,0.033130700001493096,12107.0,675,9,,0.16931440000189468,10715.0,918,5,,0.4424349000037182,10427.0,1209,3,
40,0,,,,0.11541890000808053,10959.0,323,3,,0.06407609999587294,11819.0,666,9,,0.06510439999692608,11325.0,481,5,,0.09152329999778885,11181.0,369,3,,0.17248169999220408,9958.0,539,3,,0.030954800007748418,11819.0,666,9,,0.07034510000084992,10409.0,549,5,,0.1158582999923965,10104.0,497,3,,0.9985789000056684,9069.0,1421,3,,0.031004399992525578,11819.0,666,9,,0.16616919999069069,10369.0,906,5,,0.43903839999984484,9990.0,1182,3,
41,0,,,,0.11107510000874754,11517.0,324,3,,0.03303420000884216,12257.0,681,9,,0.06618099998740945,11727.0,481,5,,0.08957409999857191,11400.0,376,3,,0.17401990000507794,10548.0,540,3,,0.0335586000001058,12257.0,681,9,,0.07787079999980051,10923.0,553,5,,0.1279952999902889,10433.0,545,3,,0.9898611999960849,9463.0,1387,3,,0.03241869999328628,12257.0,681,9,,0.1728039000008721,10859.0,931,5,,0.45959399999992456,10279.0,1228,3,
42,0,,,,0.11865039999247529,10513.0,322,3,,0.03332309999677818,10924.0,659,9,,0.07160280000243802,10881.0,471,5,,0.09633949999988545,10835.0,375,3,,0.16404509999847505,9673.0,547,3,,0.03219260000332724,10924.0,659,9,,0.06862309999996796,9926.0,549,5,,0.11956209999334533,9854.0,567,3,,0.9840793999901507,8614.0,1387,3,,0.032381099998019636,10924.0,659,9,,0.16503910000028554,9830.0,900,5,,0.43947929999558255,9486.0,1177,3,
43,0,,,,0.11097740000695921,10824.0,318,3,,0.02790899999672547,11304.0,662,9,,0.0611983999988297,10913.0,465,5,,0.08522740000626072,10871.0,366,3,,0.16567079999367706,9794.0,571,3,,0.02941869999631308,11304.0,662,9,,0.06875849999778438,10159.0,549,5,,0.11630189999414142,9921.0,548,3,,0.8467554999951972,8822.0,1410,3,,0.02996010000060778,11304.0,662,9,,0.15516370000841562,10090.0,912,5,,0.4236113000079058,9806.0,1201,3,
44,0,,,,0.10453090000373777,10820.0,311,3,,0.030014799995115027,11216.0,648,9,,0.06129979999968782,10854.0,461,5,,0.09086979999847244,10907.0,362,3,,0.19310289999702945,9716.0,541,3,,0.030345099992700852,11216.0,648,9,,0.06613449999713339,10379.0,551,5,,0.11728359998960514,10200.0,547,3,,0.8721363999939058,8926.0,1404,3,,0.03125260000524577,11216.0,648,9,,0.1579205999878468,10242.0,899,5,,0.40907130000414327,9862.0,1165,3,
45,0,,,,0.11431119999906514,10666.0,320,3,,0.03179639999871142,11292.0,653,9,,0.06801519999862649,11151.0,476,5,,0.08920450000732671,11150.0,371,3,,0.1694149999966612,9420.0,517,3,,0.0318431000050623,11292.0,653,9,,0.07060759999149013,10161.0,537,5,,0.12083159999747295,9987.0,524,3,,0.8559048000024632,8852.0,1409,3,,0.0319729000038933,11292.0,653,9,,0.16458260000217706,10080.0,897,5,,0.44794320000801235,9692.0,1170,3,
46,0,,,,0.11062899998796638,10620.0,320,3,,0.02858999998716172,11357.0,646,9,,0.06243079999694601,11020.0,468,5,,0.09116829998674802,10891.0,370,3,,0.15933450000011362,9553.0,535,3,,0.029489799999282695,11357.0,646,9,,0.06533219999982975,10173.0,529,5,,0.1126930999889737,9929.0,530,3,,0.82353900000453,8749.0,1374,3,,0.02913559999433346,11357.0,646,9,,0.1492837999976473,10041.0,887,5,,0.4094468999974197,9877.0,1200,3,
47,0,,,,0.11476089998905081,10647.0,317,3,,0.03035499999532476,11019.0,655,9,,0.08343719999538735,10907.0,465,5,,0.08263030000671279,10776.0,365,3,,0.15937809999741148,9790.0,550,3,,0.031031099992105737,11019.0,655,9,,0.085242000001017,10114.0,544,5,,0.10875729999679606,9722.0,504,3,,0.8540013000019826,8881.0,1415,3,,0.03149489998759236,11019.0,655,9,,0.16247549999388866,10025.0,895,5,,0.4291538999968907,9705.0,1199,3,
48,0,,,,0.11299039999721572,10510.0,313,3,,0.02925849999883212,10700.0,652,9,,0.06496679999690969,10787.0,475,5,,0.09224760001234245,10724.0,365,3,,0.16724699999031145,9415.0,550,3,,0.03244979999726638,10700.0,652,9,,0.06655299999692943,9952.0,549,5,,0.11081779999949504,9658.0,534,3,,0.8578432000067551,8500.0,1398,3,,0.03277929998876061,10700.0,652,9,,0.15979950000473764,9708.0,897,5,,0.4307954000105383,9404.0,1189,3,
49,0,,,,0.11471829999936745,11440.0,324,3,,0.032605099986540154,11879.0,663,9,,0.07132110001111869,11704.0,480,5,,0.09858989999338519,11566.0,374,3,,0.15815260000817943,10027.0,509,3,,0.0329628000035882,11879.0,663,9,,0.0742673999920953,10926.0,552,5,,0.12218730000313371,10406.0,522,3,,0.9059078999998746,9325.0,1355,3,,0.03292660000442993,11879.0,663,9,,0.1667808999918634,10761.0,897,5,,0.44666819999110885,10077.0,1194,3,
50,0,,,,0.1103482000035001,10969.0,318,3,,0.029528400002163835,11734.0,677,9,,0.0658524999889778,11496.0,478,5,,0.08622850000392646,11392.0,377,3,,0.1601797000039369,9985.0,555,3,,0.03167720000783447,11734.0,677,9,,0.06805899999744724,10597.0,561,5,,0.10993479999888223,10177.0,538,3,,0.8080508999992162,9156.0,1393,3,,0.03133710000838619,11734.0,677,9,,0.16172970000479836,10532.0,930,5,,0.40915079999831505,10124.0,1226,3,
51,0,,,,0.12080560000322293,10673.0,319,3,,0.03298039999208413,11223.0,664,9,,0.06596780000836588,11055.0,475,5,,0.08402799999748822,10831.0,369,3,,0.15254140000615735,9619.0,508,3,,0.08428850000200327,11223.0,664,9,,0.0657814000005601,10420.0,545,5,,0.11111179999716114,10083.0,546,3,,0.8842850000073668,8827.0,1412,3,,0.03299380000680685,11223.0,664,9,,0.16405410000879783,10291.0,904,5,,0.4005018000025302,9963.0,1220,3,
52,0,,,,0.10775149999244604,10341.0,313,3,,0.02982339999289252,10745.0,645,9,,0.06325520000245888,10811.0,469,5,,0.08640820000437088,10642.0,365,3,,0.16085530001146253,9360.0,538,3,,0.029812099994160235,10745.0,645,9,,0.0699287000024924,10021.0,545,5,,0.11971700000867713,9691.0,508,3,,0.8520028000057209,8557.0,1387,3,,0.030612200003815815,10745.0,645,9,,0.1594863000063924,9953.0,901,5,,0.45172710000770167,9605.0,1182,3,
53,0,,,,0.11803949999739416,10759.0,322,3,,0.032557400001678616,11450.0,665,9,,0.06727250000403728,11548.0,481,5,,0.09310469999036286,11625.0,370,3,,0.1670042000041576,9610.0,559,3,,0.03281560000323225,11450.0,665,9,,0.07067290000850335,10623.0,559,5,,0.12026809999952093,10539.0,571,3,,0.8876414999976987,9010.0,1442,3,,0.0348602000012761,11450.0,665,9,,0.1654835999943316,10526.0,924,5,,0.44456080000963993,10154.0,1222,3,
54,0,,,,0.1132759000029182,11075.0,326,3,,0.033973099998547696,11665.0,673,9,,0.0683500000013737,11438.0,484,5,,0.08648060000268742,11277.0,378,3,,0.2548580000002403,9972.0,560,3,,0.03408920000947546,11665.0,673,9,,0.08005279999633785,10513.0,552,5,,0.120125299989013,10400.0,553,3,,0.9263043999962974,9129.0,1442,3,,0.03428629999689292,11665.0,673,9,,0.1702487000002293,10397.0,924,5,,0.45840489999682177,10049.0,1191,3,
55,0,,,,0.11779489999753423,10311.0,314,3,,0.03184799999871757,10984.0,647,9,,0.0791004999919096,10700.0,471,5,,0.09134400000039022,10661.0,368,3,,0.17019150000123773,9508.0,559,3,,0.03263810000498779,10984.0,647,9,,0.06336269999155775,10095.0,552,5,,0.11455939999723341,9704.0,514,3,,0.8951360000064597,8512.0,1416,3,,0.031640500004868954,10984.0,647,9,,0.16242849999980535,10024.0,906,5,,0.41854280000552535,9592.0,1182,3,
56,0,,,,0.11475819999759551,11050.0,317,3,,0.03087970000342466,11890.0,679,9,,0.06683029999840073,11233.0,468,5,,0.08920000000216532,11070.0,371,3,,0.15909869999450166,10130.0,546,3,,0.03206830000272021,11890.0,679,9,,0.06805119999626186,10498.0,545,5,,0.11424640000041109,10182.0,525,3,,0.8717448999959743,9178.0,1446,3,,0.031601800001226366,11890.0,679,9,,0.1681825999985449,10426.0,924,5,,0.40573320000839885,10034.0,1184,3,
57,0,,,,0.11293119999754708,10568.0,322,3,,0.03206159999535885,10979.0,650,9,,0.06572050000249874,10739.0,468,5,,0.09557279999717139,10568.0,369,3,,0.16995559999486431,9470.0,566,3,,0.03254420000303071,10979.0,650,9,,0.06839559999934863,9888.0,549,5,,0.11115739999513607,9488.0,506,3,,0.9341528999939328,8583.0,1410,3,,0.031827200000407174,10979.0,650,9,,0.1593217000045115,9875.0,891,5,,0.4083639000018593,9455.0,1168,3,
58,0,,,,0.11351970001123846,10393.0,320,3,,0.04241330000513699,10967.0,658,9,,0.06800839999050368,10575.0,467,5,,0.08638670000073034,10589.0,372,3,,0.16294870000274386,9529.0,557,3,,0.03182899999956135,10967.0,658,9,,0.0683666999975685,9852.0,542,5,,0.11719980000634678,9660.0,546,3,,0.842068099998869,8627.0,1401,3,,0.03187019999313634,10967.0,658,9,,0.1566034999996191,9751.0,894,5,,0.42367050000757445,9507.0,1207,3,
59,0,,,,0.11026639999181498,10443.0,315,3,,0.02998039999511093,11211.0,653,9,,0.06285119999665767,10798.0,465,5,,0.09080530000210274,10652.0,367,3,,0.15196050000668038,9393.0,533,3,,0.03082489999360405,11211.0,653,9,,0.06811540000489913,10193.0,566,5,,0.11584980000043288,9857.0,539,3,,0.9263094999914756,8727.0,1472,3,,0.031048100005136803,11211.0,653,9,,0.16214090000721626,10187.0,921,5,,0.4633804000040982,9847.0,1216,3,
60,0,,,,0.11695609999878798,10364.0,318,3,,0.02869259999715723,10981.0,650,9,,0.06685469999501947,10596.0,464,5,,0.0838480999955209,10543.0,364,3,,0.16073550000146497,9207.0,525,3,,0.032583300009719096,10981.0,650,9,,0.06702740000037011,9719.0,537,5,,0.1127176000009058,9472.0,505,3,,0.8638588999892818,8389.0,1377,3,,0.03250830000615679,10981.0,650,9,,0.1599318999942625,9601.0,880,5,,0.40668210000148974,9349.0,1170,3,
61,0,,,,0.16783410000789445,11975.0,328,3,,0.03358410000510048,12244.0,674,9,,0.06931639999675099,12059.0,492,5,,0.09614730000612326,11957.0,375,3,,0.16596080000454094,10847.0,576,3,,0.034411100001307204,12244.0,674,9,,0.07665929998620413,11455.0,581,5,,0.12269430000742432,11030.0,585,3,,0.9498334000090836,9842.0,1490,3,,0.03332239999144804,12244.0,674,9,,0.1722340999986045,11374.0,951,5,,0.48899929999606684,10698.0,1253,3,
62,0,,,,0.11617100000148639,10241.0,312,3,,0.030479199995170347,10724.0,644,9,,0.0653691999905277,10628.0,468,5,,0.08360399999946821,10551.0,368,3,,0.16520620000665076,9322.0,531,3,,0.03114399999321904,10724.0,644,9,,0.06332739999925252,9848.0,536,5,,0.11046670000359882,9429.0,504,3,,0.8907825999922352,8510.0,1384,3,,0.033010300001478754,10724.0,644,9,,0.16005669999867678,9642.0,877,5,,0.3955532999971183,9342.0,1149,3,
63,0,,,,0.10851340000226628,10941.0,312,3,,0.031652300007408485,11621.0,657,9,,0.0640824000001885,11269.0,469,5,,0.0839059999998426,11201.0,365,3,,0.15712879999773577,9974.0,553,3,,0.031123699998715892,11621.0,657,9,,0.06621679999807384,10526.0,551,5,,0.11455549999664072,10294.0,540,3,,0.9063249999890104,9137.0,1454,3,,0.031584100011968985,11621.0,657,9,,0.15728430000308435,10509.0,915,5,,0.39471839999896474,10073.0,1173,3,
64,0,,,,0.11349409999093041,11129.0,318,3,,0.031599499998264946,11306.0,657,9,,0.06453709999914281,11590.0,475,5,,0.08374439999170136,11427.0,371,3,,0.16173479999997653,9798.0,517,3,,0.031595299995387904,11306.0,657,9,,0.0678738999995403,10648.0,548,5,,0.11041880000266246,10373.0,505,3,,0.8800417000020389,9076.0,1417,3,,0.0316276000085054,11306.0,657,9,,0.15400809999846388,10536.0,904,5,,0.41515430000436027,10204.0,1193,3,
65,0,,,,0.11229240000830032,10191.0,316,3,,0.027438999997684732,11007.0,649,9,,0.07461159999365918,10660.0,465,5,,0.08526799999526702,10668.0,369,3,,0.16176489999634214,9089.0,519,3,,0.032318300000042655,11007.0,649,9,,0.06957739999052137,9910.0,548,5,,0.11349949998839293,9553.0,509,3,,0.8959764000028372,8479.0,1416,3,,0.03241060000436846,11007.0,649,9,,0.15296579999267124,9880.0,898,5,,0.4079960000090068,9551.0,1185,3,
66,0,,,,0.11019079999823589,10398.0,318,3,,0.03116700000828132,11010.0,645,9,,0.06283450000046287,10730.0,464,5,,0.09044109999376815,10773.0,364,3,,0.1536663999868324,9433.0,553,3,,0.03095059999031946,11010.0,645,9,,0.06670769999618642,9934.0,540,5,,0.11112359999970067,9881.0,531,3,,0.828718899996602,8582.0,1377,3,,0.03127419999509584,11010.0,645,9,,0.14918330000364222,9930.0,881,5,,0.39805689999775495,9591.0,1165,3,
67,0,,,,0.10989170000539161,10481.0,317,3,,0.02973779999592807,11086.0,642,9,,0.06724260000919458,10890.0,465,5,,0.08137059998989571,10808.0,363,3,,0.1696650999947451,9330.0,528,3,,0.0301779000001261,11086.0,642,9,,0.06700939999427646,10208.0,543,5,,0.10933289999957196,9806.0,506,3,,0.8472887000098126,8596.0,1362,3,,0.03031590000318829,11086.0,642,9,,0.15937480000138748,10140.0,900,5,,0.40604549999989104,9780.0,1187,3,
68,0,,,,0.11379550000128802,10392.0,324,3,,0.03135830000974238,10897.0,646,9,,0.06690119999984745,10751.0,465,5,,0.09434820000024047,10679.0,367,3,,0.174600600003032,9336.0,582,3,,0.03234380000503734,10897.0,646,9,,0.06970940000610426,10013.0,567,5,,0.12406669999472797,9756.0,552,3,,0.8814297999924747,8557.0,1413,3,,0.03279159999510739,10897.0,646,9,,0.16034450000734068,9849.0,899,5,,0.4754753999877721,9429.0,1184,3,
69,0,,,,0.11777660000370815,10508.0,311,3,,0.03187700000125915,10937.0,643,9,,0.0669425000087358,10644.0,463,5,,0.08377100000507198,10646.0,364,3,,0.16950969999015797,9313.0,534,3,,0.032302099993103184,10937.0,643,9,,0.06436220000614412,9959.0,528,5,,0.11059430000022985,9743.0,524,3,,0.9497889000049327,8587.0,1388,3,,0.03286130000196863,10937.0,643,9,,0.16852330000256188,9879.0,890,5,,0.4317774999944959,9531.0,1157,3,
70,0,,,,0.11158630000136327,10071.0,312,3,,0.02824020000116434,10619.0,646,9,,0.06461780000245199,10271.0,456,5,,0.08150960000057239,10418.0,360,3,,0.1530888999986928,9089.0,526,3,,0.0319935000006808,10619.0,646,9,,0.06229670000902843,9640.0,527,5,,0.11016969999764115,9373.0,524,3,,0.8556080999987898,8307.0,1372,3,,0.030342800004291348,10619.0,646,9,,0.1562848000030499,9615.0,878,5,,0.40090130000317004,9323.0,1196,3,
71,0,,,,0.11852319999889005,10702.0,325,3,,0.03349359999992885,11037.0,662,9,,0.06745689999661408,10724.0,472,5,,0.08668020000914112,10735.0,368,3,,0.16835659999924246,9456.0,517,3,,0.03260969999246299,11037.0,662,9,,0.06825810000009369,9979.0,542,5,,0.11643710000498686,9871.0,565,3,,0.9429244000057224,8681.0,1347,3,,0.032666600003722124,11037.0,662,9,,0.16148989999783225,9913.0,910,5,,0.42820700000447687,9617.0,1225,3,
72,0,,,,0.11810160000459291,10458.0,319,3,,0.03714699999545701,11089.0,661,9,,0.06967749999603257,10804.0,474,5,,0.08742520000669174,10675.0,370,3,,0.17179819999728352,9624.0,554,3,,0.03727069999149535,11089.0,661,9,,0.07285549999505747,10303.0,546,5,,0.11979679999058135,9964.0,529,3,,0.9611371999926632,8759.0,1419,3,,0.036566000009770505,11089.0,661,9,,0.17159529999480583,10299.0,912,5,,0.4907689000101527,9919.0,1189,3,
73,0,,,,0.10970760000054725,10301.0,314,3,,0.030026100008399226,11135.0,631,9,,0.0638533000019379,10966.0,461,5,,0.09038789999613073,10760.0,364,3,,0.14293329999782145,9216.0,512,3,,0.030467599994153716,11135.0,631,9,,0.06874919999972917,10139.0,542,5,,0.11672860001272056,9871.0,538,3,,0.8390914999909,8415.0,1296,3,,0.029664100002264604,11135.0,631,9,,0.20609400000830647,9927.0,864,5,,0.4192070999997668,9527.0,1159,3,
74,0,,,,0.11393809999572113,10617.0,318,3,,0.030032299997401424,11210.0,641,9,,0.06804759999795351,10839.0,466,5,,0.08568869999726303,10659.0,372,3,,0.16536500000802334,9488.0,521,3,,0.033488700006273575,11210.0,641,9,,0.06729469999845605,9985.0,526,5,,0.11255379999056458,9797.0,500,3,,0.930935899988981,8618.0,1362,3,,0.03311870001198258,11210.0,641,9,,0.1695843000052264,9950.0,881,5,,0.44769169999926817,9626.0,1161,3,
75,0,,,,0.11670030000095721,10866.0,319,3,,0.033881199997267686,11213.0,657,9,,0.06754459999501705,11034.0,473,5,,0.09680420000222512,10891.0,363,3,,0.17827989999204874,9699.0,551,3,,0.03371399999014102,11213.0,657,9,,0.07117319999088068,10206.0,550,5,,0.12389269999403041,9988.0,523,3,,1.0207233999972232,8945.0,1447,3,,0.03353129999595694,11213.0,657,9,,0.16429030000290368,10185.0,902,5,,0.43376090000674594,9889.0,1168,3,
76,0,,,,0.11487190000480041,10724.0,317,3,,0.02901699999347329,11225.0,654,9,,0.06630980000772979,10944.0,468,5,,0.08610490000864957,11008.0,368,3,,0.1589992999943206,9768.0,562,3,,0.034480700007406995,11225.0,654,9,,0.06976479999138974,10143.0,549,5,,0.1131533000007039,9763.0,510,3,,0.8649683999974513,8761.0,1367,3,,0.03539699999964796,11225.0,654,9,,0.15608410000277217,10101.0,902,5,,0.43274899999960326,9721.0,1200,3,
77,0,,,,0.12171540000417735,10964.0,323,3,,0.035692400007974356,11467.0,669,9,,0.07297749999270309,11325.0,473,5,,0.10266669999691658,11243.0,382,3,,0.1639355999941472,9991.0,543,3,,0.036264399997889996,11467.0,669,9,,0.08057020000705961,10600.0,546,5,,0.13587220000044908,10330.0,547,3,,0.9123456999950577,9151.0,1429,3,,0.034800499997800216,11467.0,669,9,,0.1801634000003105,10499.0,918,5,,0.5048194999981206,10247.0,1219,3,
78,0,,,,0.12559650000184774,10374.0,315,3,,0.029051599995000288,10821.0,636,9,,0.0641017999878386,10409.0,463,5,,0.08251800001016818,10527.0,362,3,,0.1608962999889627,9407.0,519,3,,0.03129939999780618,10821.0,636,9,,0.06671159999677911,9905.0,545,5,,0.11363459999847692,9679.0,519,3,,0.8579080999916187,8425.0,1341,3,,0.03111239999998361,10821.0,636,9,,0.15924219999578781,9737.0,886,5,,0.42120450000220444,9601.0,1162,3,
79,0,,,,0.11398389999521896,10762.0,317,3,,0.03159329999471083,11525.0,659,9,,0.06670360000862274,11078.0,471,5,,0.08688999999139924,11155.0,372,3,,0.17296999999962281,9913.0,539,3,,0.03337289999763016,11525.0,659,9,,0.07547989999875426,10202.0,529,5,,0.1251672999933362,9990.0,526,3,,0.9579802000080235,8887.0,1360,3,,0.033777100004954264,11525.0,659,9,,0.1655553000018699,10163.0,892,5,,0.46592729999974836,9831.0,1201,3,
80,0,,,,0.1169064999994589,10892.0,319,3,,0.03187700000125915,11097.0,651,9,,0.0659392000088701,10833.0,467,5,,0.09309009999560658,10772.0,370,3,,0.17172450000362005,9617.0,538,3,,0.03127190000668634,11097.0,651,9,,0.06799910000700038,10167.0,528,5,,0.11742869998852257,9926.0,522,3,,0.9189651999913622,8751.0,1364,3,,0.031239200005074963,11097.0,651,9,,0.16164869999920484,10072.0,883,5,,0.43319599999813363,9823.0,1201,3,
81,0,,,,0.11481990000174847,10817.0,320,3,,0.03117299999576062,11267.0,659,9,,0.06437819999700878,11168.0,468,5,,0.08335400000214577,11191.0,369,3,,0.16994500000146218,9756.0,529,3,,0.03367059999436606,11267.0,659,9,,0.06701169999723788,10278.0,539,5,,0.11252710000553634,9989.0,517,3,,0.9476351000048453,8899.0,1425,3,,0.03333340000244789,11267.0,659,9,,0.1601074000063818,10080.0,900,5,,0.44341599999461323,9683.0,1170,3,
82,0,,,,0.11136919999262318,10881.0,320,3,,0.028942600009031594,11164.0,642,9,,0.06477519999316428,10914.0,462,5,,0.09093839999695774,10576.0,366,3,,0.15800290000333916,9888.0,544,3,,0.03122609999263659,11164.0,642,9,,0.064722700000857,10107.0,545,5,,0.10951459998614155,9481.0,495,3,,0.8455108999914955,8784.0,1398,3,,0.03145839998614974,11164.0,642,9,,0.152677499994752,10000.0,895,5,,0.4055272999976296,9432.0,1169,3,
83,0,,,,0.11385069999960251,10796.0,317,3,,0.03202360001159832,11553.0,671,9,,0.06789459999708924,11200.0,470,5,,0.08792499999981374,11111.0,368,3,,0.16216619999613613,9789.0,541,3,,0.03430379999917932,11553.0,671,9,,0.07008749998931307,10430.0,551,5,,0.11704959999769926,10014.0,526,3,,0.8764398999919649,8937.0,1429,3,,0.034539799991762266,11553.0,671,9,,0.15973840000515338,10185.0,911,5,,0.4213174999895273,9809.0,1197,3,
84,0,,,,0.11537780000071507,11230.0,320,3,,0.034534899998106994,11617.0,682,9,,0.06912489999376703,11480.0,475,5,,0.09587140000076033,11418.0,373,3,,0.15773210000770632,10156.0,557,3,,0.0348795999889262,11617.0,682,9,,0.07292220000817906,10789.0,571,5,,0.12432100001024082,10438.0,530,3,,0.8431054999964545,9181.0,1394,3,,0.033900599999469705,11617.0,682,9,,0.16790459999174345,10665.0,941,5,,0.4711968999909004,10293.0,1211,3,
85,0,,,,0.11412369999743532,10627.0,316,3,,0.033515600007376634,11092.0,656,9,,0.06645559999742545,11163.0,466,5,,0.08462460000009742,10850.0,362,3,,0.1432286000053864,9496.0,485,3,,0.0331241000094451,11092.0,656,9,,0.07089719999930821,10262.0,548,5,,0.11747319999267347,10123.0,554,3,,0.9481288000097265,8690.0,1368,3,,0.03279199999815319,11092.0,656,9,,0.16486089999671094,10046.0,901,5,,0.47993220000353176,9722.0,1210,3,
86,0,,,,0.11477949999971315,10814.0,319,3,,0.031128800008445978,11211.0,670,9,,0.06827709999924991,11094.0,474,5,,0.09320800000568852,10856.0,369,3,,0.1631924999965122,9781.0,525,3,,0.03312089999963064,11211.0,670,9,,0.07014379999600351,10582.0,561,5,,0.11856350000016391,10189.0,562,3,,0.8644723999896087,8967.0,1393,3,,0.03303010000672657,11211.0,670,9,,0.16863070000545122,10387.0,915,5,,0.43268840000382625,9895.0,1227,3,
87,0,,,,0.11479330000292975,10535.0,316,3,,0.03267760000017006,11268.0,652,9,,0.06427780000376515,11027.0,467,5,,0.0844409999990603,11006.0,366,3,,0.16674630000488833,9815.0,549,3,,0.03215470000577625,11268.0,652,9,,0.06764609999663662,10274.0,545,5,,0.12248259999614675,10092.0,524,3,,0.8879822000017157,8890.0,1383,3,,0.03251520000048913,11268.0,652,9,,0.16039319999981672,10178.0,896,5,,0.4471334999980172,9850.0,1190,3,
88,0,,,,0.11484919999202248,11226.0,322,3,,0.033593999993172474,11695.0,666,9,,0.06889310000406113,11522.0,473,5,,0.08736269999644719,11409.0,374,3,,0.14863500000501517,10243.0,531,3,,0.03434779999952298,11695.0,666,9,,0.07481700000062119,10546.0,554,5,,0.12081239999679383,10287.0,526,3,,0.8495754999894416,9105.0,1348,3,,0.03342479999992065,11695.0,666,9,,0.1674773999984609,10537.0,914,5,,0.4743309999903431,10241.0,1198,3,
89,0,,,,0.11878099999739788,10922.0,317,3,,0.038386100000934675,11492.0,670,9,,0.06825860000390094,11221.0,475,5,,0.09244170000602026,11317.0,374,3,,0.1834235999995144,10034.0,553,3,,0.03815969999413937,11492.0,670,9,,0.07483669999055564,10490.0,551,5,,0.12939170000026934,10149.0,516,3,,1.0305031000025338,9004.0,1427,3,,0.03805750000174157,11492.0,670,9,,0.18170450000616256,10412.0,925,5,,0.49075230000016745,10068.0,1201,3,
90,0,,,,0.11301079999248032,11134.0,319,3,,0.031298099987907335,11641.0,663,9,,0.06556050000654068,11453.0,469,5,,0.08393649999925401,11069.0,368,3,,0.15276099999027792,10203.0,564,3,,0.03137589999823831,11641.0,663,9,,0.07137970000621863,10610.0,551,5,,0.1177319999987958,10264.0,529,3,,0.8638353999995161,9129.0,1434,3,,0.03230239999538753,11641.0,663,9,,0.1712751000013668,10497.0,924,5,,0.4626660000067204,10145.0,1216,3,
91,0,,,,0.1164895000110846,10148.0,311,3,,0.034150299994507805,10648.0,648,9,,0.06814309999754187,10206.0,457,5,,0.08554840000579134,10193.0,359,3,,0.15570639999350533,9004.0,496,3,,0.034841400003642775,10648.0,648,9,,0.06475499999942258,9347.0,515,5,,0.1210960000025807,9153.0,532,3,,0.913093300012406,8176.0,1345,3,,0.03477080000448041,10648.0,648,9,,0.17638429999351501,9328.0,866,5,,0.45490029999928083,9064.0,1181,3,
92,0,,,,0.11751279998861719,11006.0,320,3,,0.03221710000070743,11452.0,663,9,,0.06731150000996422,11269.0,474,5,,0.08683040000323672,11267.0,370,3,,0.15471380000235513,10321.0,574,3,,0.03268930000194814,11452.0,663,9,,0.07083890000649262,10333.0,549,5,,0.1212323999934597,10126.0,559,3,,0.9183830999972997,8948.0,1411,3,,0.03373870000359602,11452.0,663,9,,0.1638122000003932,10256.0,912,5,,0.4309912000026088,9884.0,1169,3,
93,0,,,,0.11531910000485368,10247.0,323,3,,0.028896999996504746,10835.0,645,9,,0.06623520000721328,10755.0,474,5,,0.0945586000016192,10697.0,368,3,,0.1537596999987727,9339.0,554,3,,0.03394910000497475,10835.0,645,9,,0.06581890000961721,9882.0,558,5,,0.11587809999764431,9554.0,548,3,,0.945467199999257,8369.0,1383,3,,0.03427610000653658,10835.0,645,9,,0.1650017000065418,9825.0,896,5,,0.4228150999988429,9513.0,1178,3,
94,0,,,,0.1153885999956401,10839.0,317,3,,0.0334926999930758,11341.0,659,9,,0.06707089999690652,11048.0,465,5,,0.08602240000618622,10878.0,368,3,,0.16320599999744445,9836.0,499,3,,0.035613500003819354,11341.0,659,9,,0.07069090000004508,10379.0,536,5,,0.11740519999875687,9921.0,507,3,,0.9886996999994153,8921.0,1403,3,,0.03480029999627732,11341.0,659,9,,0.17674589999660384,10309.0,897,5,,0.47718269999313634,9729.0,1185,3,
95,0,,,,0.1218829999997979,10993.0,324,3,,0.03381999999692198,11261.0,665,9,,0.0704431000049226,11085.0,476,5,,0.09522149999975227,10905.0,373,3,,0.15844990000186954,10007.0,537,3,,0.035005900004762225,11261.0,665,9,,0.11206850000598934,10201.0,550,5,,0.11444099999789614,9903.0,521,3,,0.878572699992219,9031.0,1398,3,,0.035663900009240024,11261.0,665,9,,0.16586379999353085,10151.0,911,5,,0.44347430000198074,9807.0,1186,3,
96,0,,,,0.11703530000522733,10276.0,312,3,,0.034633200004464015,10647.0,639,9,,0.07119460000831168,10625.0,474,5,,0.08295220001309644,10653.0,365,3,,0.17439800000283867,9073.0,533,3,,0.03422329999739304,10647.0,639,9,,0.06696779999765567,9747.0,543,5,,0.11762730000191368,9937.0,585,3,,1.0619712000043364,8371.0,1373,3,,0.0342959000117844,10647.0,639,9,,0.16756629999144934,9659.0,892,5,,0.4245688000082737,9299.0,1148,3,
97,0,,,,0.11777270000311546,10112.0,318,2,,0.03121840000676457,10696.0,650,8,,0.07765539998945314,10387.0,467,4,,0.08840940000663977,10562.0,364,3,,0.16718450000917073,9259.0,545,2,,0.03181719999702182,10696.0,650,8,,0.06980800000019372,9948.0,565,4,,0.1217361000017263,10069.0,566,3,,0.9407271999953082,8292.0,1391,2,,0.031740499995066784,10696.0,650,8,,0.1581066000071587,9824.0,895,4,,0.4447669999935897,9684.0,1189,3,
98,0,,,,0.11722739999822807,10602.0,321,3,,0.03090269998938311,10933.0,640,9,,0.06399889999011066,10803.0,466,5,,0.0859714999969583,10735.0,368,3,,0.15113100000598934,9773.0,532,3,,0.031412900003488176,10933.0,640,9,,0.06942379999964032,10125.0,534,5,,0.11480959999607876,9736.0,509,3,,0.8858655999938492,8797.0,1438,3,,0.031222399993566796,10933.0,640,9,,0.17081130000588018,9997.0,898,5,,0.4360990999994101,9581.0,1165,3,
99,0,,,,0.11230299998715054,11316.0,326,3,,0.03169319999869913,11750.0,652,9,,0.06555120000848547,11647.0,472,5,,0.0854477999964729,11568.0,371,3,,0.16914390001329593,10308.0,596,3,,0.03205630001320969,11750.0,652,9,,0.07062840000435244,10749.0,563,5,,0.12071440000727307,10591.0,570,3,,0.8837651999929221,9226.0,1427,3,,0.031155500008026138,11750.0,652,9,,0.15493940000305884,10595.0,894,5,,0.40897819999372587,10274.0,1184,3,
100,0,,,,0.12192189999041148,10556.0,320,3,,0.03558849998808,10967.0,649,9,,0.07013989999541081,10808.0,467,5,,0.09487889999581967,10687.0,367,3,,0.16937950000283308,9564.0,547,3,,0.042646400004741736,10967.0,649,9,,0.06881470000371337,10134.0,539,5,,0.11987380000937264,9892.0,539,3,,1.0922898999997415,8717.0,1420,3,,0.035166399989975616,10967.0,649,9,,0.1728475999989314,10053.0,905,5,,0.4326926999929128,9805.0,1214,3,
101,0,,,,0.11645770000177436,10588.0,319,3,,0.03458459999819752,11147.0,664,9,,0.0679396000050474,10911.0,469,5,,0.08658279999508522,10940.0,371,3,,0.16457779999473132,9545.0,525,3,,0.03504390000307467,11147.0,664,9,,0.07450689999677707,10018.0,546,5,,0.12436069999239407,9932.0,536,3,,0.9697559000051115,8821.0,1437,3,,0.03454330000386108,11147.0,664,9,,0.1648410000052536,9913.0,901,5,,0.444155299992417,9581.0,1173,3,
102,0,,,,0.16643429998657666,10624.0,320,3,,0.034636199998203665,11240.0,662,9,,0.06792629999108613,10859.0,468,5,,0.09667389999958687,10859.0,374,3,,0.16085529999691062,9700.0,527,3,,0.03480739999213256,11240.0,662,9,,0.0706237999984296,10280.0,554,5,,0.12463840001146309,10014.0,550,3,,0.8732460000028368,8798.0,1399,3,,0.0344803000043612,11240.0,662,9,,0.16423129999020603,10254.0,912,5,,0.4663698999938788,9982.0,1231,3,
103,0,,,,0.11212559998966753,10889.0,315,3,,0.030325099985930137,11287.0,649,9,,0.06463239999720827,10963.0,466,5,,0.0816155000065919,10875.0,372,3,,0.15803910000249743,9512.0,483,3,,0.031057400003192015,11287.0,649,9,,0.06726749999506865,10404.0,527,5,,0.10687240000697784,10116.0,514,3,,0.8763881999911973,8907.0,1396,3,,0.03084199999284465,11287.0,649,9,,0.15736789999937173,10299.0,877,5,,0.44967869999527466,9971.0,1189,3,
104,0,,,,0.1193139999959385,10670.0,322,3,,0.03572830000484828,11113.0,671,9,,0.0696239999961108,10930.0,479,5,,0.09340129999327473,10970.0,370,3,,0.1629640000028303,10037.0,555,3,,0.03414180000254419,11113.0,671,9,,0.07132599999022204,10403.0,564,5,,0.11792470001091715,10134.0,543,3,,0.9322071999922628,8859.0,1396,3,,0.034479299996746704,11113.0,671,9,,0.17014380000182427,10255.0,926,5,,0.4619289999973262,9947.0,1235,3,
