matrix_index,bvn_perms,bvn_cycle,bvn_runtime,bvn_matching,wfa_max_16_time,wfa_max_16_cycle,wfa_max_16_perms,wfa_max_16_planes,wfa_max_16_split,wfa_max_2_time,wfa_max_2_cycle,wfa_max_2_perms,wfa_max_2_planes,wfa_max_2_split,wfa_max_4_time,wfa_max_4_cycle,wfa_max_4_perms,wfa_max_4_planes,wfa_max_4_split,wfa_max_8_time,wfa_max_8_cycle,wfa_max_8_perms,wfa_max_8_planes,wfa_max_8_split,wfa_median_16_time,wfa_median_16_cycle,wfa_median_16_perms,wfa_median_16_planes,wfa_median_16_split,wfa_median_2_time,wfa_median_2_cycle,wfa_median_2_perms,wfa_median_2_planes,wfa_median_2_split,wfa_median_4_time,wfa_median_4_cycle,wfa_median_4_perms,wfa_median_4_planes,wfa_median_4_split,wfa_median_8_time,wfa_median_8_cycle,wfa_median_8_perms,wfa_median_8_planes,wfa_median_8_split,wfa_min_16_time,wfa_min_16_cycle,wfa_min_16_perms,wfa_min_16_planes,wfa_min_16_split,wfa_min_2_time,wfa_min_2_cycle,wfa_min_2_perms,wfa_min_2_planes,wfa_min_2_split,wfa_min_4_time,wfa_min_4_cycle,wfa_min_4_perms,wfa_min_4_planes,wfa_min_4_split,wfa_min_8_time,wfa_min_8_cycle,wfa_min_8_perms,wfa_min_8_planes,wfa_min_8_split
0,0,,,,0.0357330999977421,36346.0,428,3,,0.021980399993481115,13558.0,788,9,,0.029487000007065944,21510.0,595,5,,0.035413099991274066,22692.0,475,3,,0.06516650000412483,14065.0,748,3,,0.022890800013556145,13558.0,788,9,,0.04372960000182502,13988.0,835,5,,0.057858000000123866,14151.0,769,3,,0.2789794999989681,11650.0,2215,3,,1.0986685999960173,13558.0,788,9,,0.05796760000521317,12471.0,1097,5,,0.12744609999936074,12242.0,1649,3,
1,0,,,,0.03626240001176484,40396.0,426,3,,0.08121930000197608,14659.0,832,9,,0.031461999999010004,24542.0,618,5,,0.04413650000060443,26667.0,488,3,,0.09771999999065883,16732.0,728,3,,0.022936299996217713,14659.0,832,9,,0.05308389999845531,15810.0,864,5,,0.0749160999985179,15488.0,804,3,,0.2795417999877827,13185.0,2401,3,,0.02384219999657944,14659.0,832,9,,0.06686279999848921,13983.0,1177,5,,0.14366159999917727,13417.0,1748,3,
2,0,,,,0.03308959999412764,36920.0,412,3,,0.023482000004150905,13635.0,821,9,,0.03125150001142174,22591.0,607,5,,0.03637719999824185,24192.0,478,3,,0.0712169000034919,14957.0,719,3,,0.02389949999633245,13635.0,821,9,,0.045221699998364784,14596.0,864,5,,0.07383779999508988,14678.0,791,3,,0.27581380000628997,12270.0,2346,3,,0.0230775999953039,13635.0,821,9,,0.06365650000225287,12925.0,1176,5,,0.1398314000107348,12693.0,1768,3,
3,0,,,,0.03719940000155475,37179.0,432,3,,0.022905600009835325,13058.0,819,9,,0.03158070000063162,22088.0,619,5,,0.03492629999527708,23717.0,491,3,,0.09533459998783655,14936.0,767,3,,0.02395729999989271,13058.0,819,9,,0.04612129999441095,13873.0,871,5,,0.06065909999597352,14157.0,796,3,,0.28240499999083113,12313.0,2363,3,,0.02339610000490211,13058.0,819,9,,0.060678900001221336,12286.0,1149,5,,0.1359214999974938,12137.0,1750,3,
4,0,,,,0.03370679999352433,38600.0,426,3,,0.023068399998010136,13712.0,824,9,,0.03171660000225529,22746.0,614,5,,0.033893599989824,24654.0,487,3,,0.0858421000011731,14835.0,756,3,,0.023884199996246025,13712.0,824,9,,0.04531970000243746,14121.0,853,5,,0.06257449999975506,14515.0,791,3,,0.29232749999209773,12228.0,2420,3,,0.022939400005270727,13712.0,824,9,,0.06433819999801926,12714.0,1167,5,,0.13482910000311676,12405.0,1712,3,
5,0,,,,0.034793400001944974,40600.0,430,3,,0.02415879999171011,14465.0,834,9,,0.0313462000049185,24719.0,619,5,,0.048579499998595566,27124.0,498,3,,0.06181119999382645,16664.0,720,3,,0.02392919998965226,14465.0,834,9,,0.046792099994490854,15593.0,879,5,,0.06359079999674577,15711.0,818,3,,0.2992402999952901,13305.0,2450,3,,0.02346959999704268,14465.0,834,9,,0.06510330000310205,13907.0,1194,5,,0.14383610000368208,13676.0,1803,3,
6,0,,,,0.032252100005280226,36019.0,408,3,,0.022838000004412606,12796.0,802,9,,0.03124849998857826,21411.0,594,5,,0.03199499999755062,23144.0,467,3,,0.06947230000514537,14447.0,721,3,,0.0231738000002224,12796.0,802,9,,0.045213899997179396,13897.0,839,5,,0.06170030000794213,14106.0,787,3,,0.2906671999953687,11858.0,2392,3,,0.023439099997631274,12796.0,802,9,,0.0650383000029251,12266.0,1160,5,,0.13900349999312311,12021.0,1722,3,
7,0,,,,0.03650409998954274,37376.0,413,3,,0.022957199995289557,13556.0,803,9,,0.031405400004587136,22761.0,601,5,,0.032275199992000125,25252.0,484,3,,0.0788827000069432,15271.0,708,3,,0.023259000008692965,13556.0,803,9,,0.04407570000330452,14476.0,837,5,,0.06216159999894444,14599.0,779,3,,0.2790226000070106,12247.0,2358,3,,0.022533399998792447,13556.0,803,9,,0.06211290000646841,12797.0,1152,5,,0.1352275999961421,12491.0,1695,3,
8,0,,,,0.03451879999192897,38738.0,431,3,,0.022617800001171418,13567.0,815,9,,0.03160220000427216,22493.0,605,5,,0.03818809999211226,24595.0,484,3,,0.09178270000847988,15229.0,742,3,,0.02357839999604039,13567.0,815,9,,0.04679950000718236,14471.0,865,5,,0.06127659999765456,14442.0,784,3,,0.29203870000492316,12264.0,2332,3,,0.022637200003373437,13567.0,815,9,,0.06197530000645202,12717.0,1140,5,,0.14005159999942407,12453.0,1718,3,
9,0,,,,0.03432609999435954,40134.0,423,3,,0.023455999995348975,14391.0,818,9,,0.03086099999200087,24431.0,607,5,,0.031468600005609915,26059.0,478,3,,0.07982109999284148,16482.0,711,3,,0.02377379999961704,14391.0,818,9,,0.046687499998370185,15424.0,866,5,,0.06187919998774305,15120.0,778,3,,0.28419690000009723,13293.0,2386,3,,0.02286199999798555,14391.0,818,9,,0.06371110001055058,13824.0,1150,5,,0.14028000000689644,13184.0,1720,3,
10,0,,,,0.03461790000437759,38216.0,430,3,,0.06806459999643266,12963.0,792,9,,0.031880399998044595,22122.0,605,5,,0.036087400003452785,24759.0,488,3,,0.08975159999681637,14850.0,758,3,,0.023450499997125007,12963.0,792,9,,0.04672649998974521,14000.0,845,5,,0.062119299996993504,14248.0,788,3,,0.28911410000000615,12068.0,2391,3,,0.02351020000060089,12963.0,792,9,,0.06438100000377744,12338.0,1136,5,,0.13635479999356903,12122.0,1716,3,
11,0,,,,0.049905399995623156,38073.0,418,3,,0.02296839999326039,13691.0,804,9,,0.031336599990027025,22846.0,606,5,,0.03099359999760054,24654.0,471,3,,0.06878169999981765,15605.0,731,3,,0.023378600002615713,13691.0,804,9,,0.04646859999047592,14350.0,849,5,,0.06145569999353029,14516.0,778,3,,0.27189720000023954,12319.0,2325,3,,0.023054100005538203,13691.0,804,9,,0.06373639999947045,12649.0,1133,5,,0.13812570000300184,12486.0,1706,3,
12,0,,,,0.03430460000527091,38413.0,415,3,,0.023177199997007847,13380.0,794,9,,0.031515099995885976,22496.0,595,5,,0.0345110000052955,24468.0,477,3,,0.06127799999376293,15044.0,744,3,,0.023414999988744967,13380.0,794,9,,0.048502499994356185,13974.0,850,5,,0.06104359999881126,14115.0,769,3,,0.27768669999204576,12197.0,2340,3,,0.023428800006513484,13380.0,794,9,,0.0622161000064807,12469.0,1121,5,,0.13571450000745244,12209.0,1685,3,
13,0,,,,0.03290089999791235,37702.0,412,3,,0.021745899997767992,13298.0,794,9,,0.03139990000636317,22275.0,594,5,,0.03152780000527855,24148.0,476,3,,0.06146620000072289,15183.0,715,3,,0.02254390000598505,13298.0,794,9,,0.045226699992781505,13997.0,836,5,,0.060804100008681417,14142.0,777,3,,0.2819448999944143,12006.0,2358,3,,0.02170009999827016,13298.0,794,9,,0.06138110000756569,12326.0,1126,5,,0.136192599995411,12107.0,1690,3,
14,0,,,,0.036184500000672415,34677.0,405,3,,0.021512499995878898,12597.0,769,9,,0.02970709999499377,20199.0,567,5,,0.03045570000540465,21903.0,456,3,,0.061436100004357286,14116.0,694,3,,0.022329800005536526,12597.0,769,9,,0.0443342000071425,13433.0,806,5,,0.05934190000698436,13450.0,746,3,,0.2622115000121994,11301.0,2206,3,,0.02220330000272952,12597.0,769,9,,0.060406699994928204,11956.0,1098,5,,0.13105900000664406,11540.0,1634,3,
15,0,,,,0.0431832000031136,39516.0,425,3,,0.02243300000554882,13831.0,810,9,,0.03213769999274518,23226.0,613,5,,0.030620600009569898,25063.0,479,3,,0.06647160000284202,15998.0,728,3,,0.023495000001275912,13831.0,810,9,,0.04871999999159016,15164.0,878,5,,0.06232770001224708,15194.0,798,3,,0.27580390000366606,12854.0,2393,3,,0.022920799994608387,13831.0,810,9,,0.06378219999896828,13509.0,1163,5,,0.13876890001120046,13290.0,1758,3,
16,0,,,,0.03432690000045113,38435.0,426,3,,0.025222399999620393,13364.0,823,9,,0.03209350000543054,22867.0,612,5,,0.03151649999199435,24502.0,482,3,,0.06225329999870155,14986.0,763,3,,0.023279599990928546,13364.0,823,9,,0.047829000002820976,13985.0,869,5,,0.059755099995527416,13971.0,767,3,,0.27568689998588525,12260.0,2334,3,,0.022862199999508448,13364.0,823,9,,0.06349190000037197,12436.0,1151,5,,0.13909280000370927,12034.0,1708,3,
17,0,,,,0.03437379999377299,39811.0,425,3,,0.02344210000592284,14624.0,820,9,,0.03158110000367742,24548.0,614,5,,0.03558389999670908,26586.0,489,3,,0.061808800004655495,16388.0,734,3,,0.02410070000041742,14624.0,820,9,,0.04675439999846276,15499.0,861,5,,0.06348549999529496,15201.0,792,3,,0.29045549999864306,13134.0,2455,3,,0.023163199992268346,14624.0,820,9,,0.06436780000512954,13815.0,1178,5,,0.14093039999715984,13219.0,1735,3,
18,0,,,,0.03655540000181645,37715.0,416,3,,0.023067400004947558,13740.0,816,9,,0.03134370000043418,22865.0,616,5,,0.03038530000776518,24753.0,481,3,,0.05863099999260157,15435.0,716,3,,0.02326339999854099,13740.0,816,9,,0.046032899990677834,14443.0,858,5,,0.06294740000157617,14663.0,793,3,,0.27638379999552853,12312.0,2346,3,,0.02354439999908209,13740.0,816,9,,0.06264249999367166,12796.0,1159,5,,0.13679439999395981,12515.0,1741,3,
19,0,,,,0.03454839999903925,38409.0,425,3,,0.02271090001158882,13328.0,796,9,,0.031206599989673123,22758.0,604,5,,0.029712499992456287,24628.0,478,3,,0.06271199999901,15590.0,751,3,,0.024285299994517118,13328.0,796,9,,0.04749400001310278,14317.0,859,5,,0.06168699999398086,14428.0,779,3,,0.279107299997122,12511.0,2377,3,,0.02336019999347627,13328.0,796,9,,0.06378050000057556,12832.0,1140,5,,0.13728679998894222,12555.0,1677,3,
20,0,,,,0.04182730001048185,38882.0,415,3,,0.023073799995472655,13814.0,808,9,,0.03159100000630133,23721.0,606,5,,0.030280899998615496,25550.0,476,3,,0.06561810000857804,15375.0,718,3,,0.023891199991339818,13814.0,808,9,,0.04845289999502711,14610.0,841,5,,0.06087069999193773,14894.0,772,3,,0.28481420000025537,12334.0,2383,3,,0.023347399997874163,13814.0,808,9,,0.0641157999925781,13153.0,1152,5,,0.13920699998561759,13014.0,1699,3,
21,0,,,,0.03745540000090841,37034.0,419,3,,0.02207760000601411,12376.0,781,9,,0.030722900002729148,21699.0,588,5,,0.02958040000521578,23255.0,465,3,,0.06102029999601655,13958.0,751,3,,0.022846399995614775,12376.0,781,9,,0.06312529998831451,13570.0,846,5,,0.05932020000182092,13750.0,757,3,,0.27035400000750087,11560.0,2249,3,,0.022456199993030168,12376.0,781,9,,0.06076279999979306,12175.0,1099,5,,0.1298149999929592,11879.0,1623,3,
22,0,,,,0.03478000000177417,37906.0,418,3,,0.021622199987177737,13453.0,789,9,,0.03102559999388177,22761.0,597,5,,0.02989220000745263,24549.0,479,3,,0.05925120000028983,14952.0,727,3,,0.023345900001004338,13453.0,789,9,,0.04503350000595674,14562.0,844,5,,0.0596330999978818,14580.0,777,3,,0.274320099997567,12098.0,2299,3,,0.02356439999130089,13453.0,789,9,,0.06302560000040103,12867.0,1113,5,,0.135304699986591,12671.0,1713,3,
23,0,,,,0.03348139999434352,37880.0,421,3,,0.022693300008540973,13438.0,803,9,,0.03145099998801015,22489.0,599,5,,0.02958339999895543,24155.0,478,3,,0.06083279999438673,14900.0,738,3,,0.023280400011572056,13438.0,803,9,,0.04456509998999536,14669.0,836,5,,0.061323000001721084,14394.0,772,3,,0.2884314999973867,12135.0,2377,3,,0.023264100003871135,13438.0,803,9,,0.064153899991652,12946.0,1143,5,,0.13690050000150222,12490.0,1704,3,
24,0,,,,0.03387949999887496,37031.0,408,3,,0.022724499998730607,12943.0,789,9,,0.031010700011393055,21797.0,585,5,,0.0346951999963494,23722.0,457,3,,0.05909919999248814,14646.0,720,3,,0.023543299990706146,12943.0,789,9,,0.0448958000051789,13945.0,826,5,,0.061047499999403954,14011.0,755,3,,0.2818824999994831,11782.0,2314,3,,0.02256540000962559,12943.0,789,9,,0.06330750000779517,12419.0,1135,5,,0.13581100000010338,12148.0,1665,3,
25,0,,,,0.034021400002529845,36657.0,420,3,,0.021819300003699027,13022.0,789,9,,0.03256159999000374,21943.0,601,5,,0.029998500001966022,23700.0,471,3,,0.06162580000818707,14703.0,753,3,,0.023314799997024238,13022.0,789,9,,0.04658710000512656,13894.0,850,5,,0.06193379999604076,13897.0,772,3,,0.2805568000039784,11970.0,2335,3,,0.023387200009892695,13022.0,789,9,,0.06217770000512246,12243.0,1121,5,,0.13692479999735951,11906.0,1692,3,
26,0,,,,0.03357099999266211,36555.0,419,3,,0.023284199996851385,12866.0,795,9,,0.031546300000627525,21193.0,597,5,,0.029180899990024045,22861.0,470,3,,0.0617056000046432,14217.0,750,3,,0.022613499997532926,12866.0,795,9,,0.045826200002920814,13620.0,840,5,,0.0627393999893684,13713.0,762,3,,0.28006260000984184,11775.0,2335,3,,0.022986399999354035,12866.0,795,9,,0.07368980000319425,12092.0,1132,5,,0.13868869999714661,11788.0,1696,3,
27,0,,,,0.03351189999375492,36674.0,410,3,,0.022782600004575215,13091.0,782,9,,0.031497999996645376,22092.0,578,5,,0.029112599993823096,23853.0,463,3,,0.05785260000266135,15171.0,695,3,,0.022662999996100552,13091.0,782,9,,0.04502330000104848,13969.0,820,5,,0.06257490000280086,14054.0,765,3,,0.27107339999929536,11887.0,2262,3,,0.022842999998829328,13091.0,782,9,,0.06397819999256171,12276.0,1111,5,,0.13919560000067577,12012.0,1684,3,
28,0,,,,0.036632799994549714,38904.0,421,3,,0.023342999993474223,13717.0,813,9,,0.03190159999940079,23584.0,617,5,,0.030153200001223013,25361.0,487,3,,0.058812900009797886,16365.0,715,3,,0.02357980000670068,13717.0,813,9,,0.045890300010796636,15108.0,861,5,,0.06446089998644311,15189.0,803,3,,0.286861400003545,13048.0,2422,3,,0.022941299990634434,13717.0,813,9,,0.06601640000008047,13323.0,1180,5,,0.14325720000488218,13095.0,1742,3,
29,0,,,,0.036743699994985946,39705.0,438,3,,0.023608499992405996,13677.0,822,9,,0.033157600002596155,23627.0,623,5,,0.03163270000368357,25498.0,494,3,,0.06426429998828098,15754.0,754,3,,0.02409909998823423,13677.0,822,9,,0.049556500001926906,15145.0,878,5,,0.06616909999866039,15257.0,805,3,,0.2899827999935951,12678.0,2429,3,,0.023905399997602217,13677.0,822,9,,0.066967000006116,13355.0,1186,5,,0.14651530000264756,13114.0,1753,3,
30,0,,,,0.03598929999861866,38893.0,437,3,,0.02321759999904316,13908.0,827,9,,0.033203600003616884,23666.0,636,5,,0.02992100000847131,25343.0,495,3,,0.06851469998946413,15055.0,773,3,,0.025040799999260344,13908.0,827,9,,0.0468745999969542,14587.0,880,5,,0.06263840000610799,14640.0,790,3,,0.2899011999979848,12528.0,2374,3,,0.022572599991690367,13908.0,827,9,,0.0661476999957813,12920.0,1173,5,,0.13828970000031404,12696.0,1717,3,
31,0,,,,0.049722699986887164,38432.0,434,3,,0.0229894000076456,13498.0,808,9,,0.0773955000040587,22891.0,616,5,,0.03687190001073759,24916.0,491,3,,0.060865899999043904,15979.0,721,3,,0.023258199988049455,13498.0,808,9,,0.047458600005484186,14813.0,864,5,,0.06474259999231435,14764.0,796,3,,0.2727162999944994,12706.0,2299,3,,0.02291509999486152,13498.0,808,9,,0.06513509999786038,12959.0,1140,5,,0.14241020000190474,12726.0,1710,3,
32,0,,,,0.03851679999206681,39907.0,437,3,,0.023761600008583628,14344.0,847,9,,0.03238769999006763,23874.0,623,5,,0.030494799997541122,26318.0,491,3,,0.0624287000100594,15958.0,738,3,,0.02509339999232907,14344.0,847,9,,0.04803639999590814,15245.0,882,5,,0.06532049999805167,15180.0,818,3,,0.2928111999935936,12676.0,2463,3,,0.0238004999991972,14344.0,847,9,,0.06745649999356829,13363.0,1194,5,,0.14496279999730177,13066.0,1785,3,
33,0,,,,0.03418940000119619,39456.0,424,3,,0.02295620000222698,13919.0,810,9,,0.03196880000177771,24074.0,611,5,,0.030068799998844042,25757.0,483,3,,0.06016039999667555,15810.0,729,3,,0.02305319999868516,13919.0,810,9,,0.04401050000160467,15115.0,844,5,,0.06304740000632592,15247.0,794,3,,0.2739973999996437,13041.0,2378,3,,0.02292420000594575,13919.0,810,9,,0.06692949999705888,13239.0,1159,5,,0.13747529999818653,13081.0,1716,3,
34,0,,,,0.03337019999162294,36607.0,416,3,,0.02328170000691898,12643.0,785,9,,0.035676300001796335,21557.0,591,5,,0.02893220000260044,23086.0,469,3,,0.060819799997261725,13984.0,744,3,,0.024034000001847744,12643.0,785,9,,0.04476489999797195,13336.0,826,5,,0.06068889999005478,13277.0,749,3,,0.28065000000060536,11357.0,2313,3,,0.022335699992254376,12643.0,785,9,,0.06278920000477228,11787.0,1126,5,,0.1331344999925932,11379.0,1635,3,
35,0,,,,0.03442159999394789,37880.0,415,3,,0.02243579999776557,13604.0,801,9,,0.03156069999386091,22673.0,607,5,,0.029475400006049313,24396.0,481,3,,0.06555549999757204,15156.0,747,3,,0.022655599997960962,13604.0,801,9,,0.044977800003835,14514.0,846,5,,0.06876870000269264,14438.0,780,3,,0.27879150000808295,12286.0,2360,3,,0.023072700001648627,13604.0,801,9,,0.06323040000279434,12668.0,1143,5,,0.1382583000086015,12365.0,1710,3,
36,0,,,,0.03536129998974502,38364.0,419,3,,0.022676200009300373,13333.0,792,9,,0.03133019999950193,23089.0,609,5,,0.029382100008660927,24864.0,477,3,,0.060200399995665066,15578.0,731,3,,0.022964000003412366,13333.0,792,9,,0.045502199995098636,14513.0,842,5,,0.06220780000148807,14589.0,780,3,,0.2801580999948783,12349.0,2355,3,,0.022473000004538335,13333.0,792,9,,0.0654861999937566,12839.0,1152,5,,0.14000519999535754,12561.0,1680,3,
37,0,,,,0.04193350000423379,36978.0,429,3,,0.023875800005043857,12873.0,798,9,,0.0313631000026362,22021.0,597,5,,0.030804299996816553,23659.0,489,3,,0.06939319999946747,14848.0,752,3,,0.02347080000618007,12873.0,798,9,,0.047718899993924424,14087.0,853,5,,0.06181309999374207,14265.0,782,3,,0.27898950000235345,12291.0,2317,3,,0.022090800004662015,12873.0,798,9,,0.06278490000113379,12377.0,1133,5,,0.1394047999929171,12115.0,1714,3,
38,0,,,,0.03436839999631047,36161.0,417,3,,0.022146400006022304,13044.0,802,9,,0.03070750000188127,21597.0,594,5,,0.03614550000929739,23342.0,472,3,,0.060960699993302114,14486.0,740,3,,0.023545200005173683,13044.0,802,9,,0.046239899995271116,13783.0,846,5,,0.06313149999186862,13692.0,767,3,,0.2765598000114551,11654.0,2301,3,,0.02423290000297129,13044.0,802,9,,0.06488150000222959,12096.0,1144,5,,0.13501099999120925,11839.0,1695,3,
39,0,,,,0.03901260001293849,40362.0,432,3,,0.024507300011464395,14268.0,837,9,,0.03296599999885075,24383.0,617,5,,0.031487600004766136,26381.0,490,3,,0.06199630000628531,16146.0,717,3,,0.024577199990744703,14268.0,837,9,,0.04957829999329988,15578.0,886,5,,0.06486370001221076,15679.0,808,3,,0.27960569999413565,12858.0,2401,3,,0.02430340000137221,14268.0,837,9,,0.06913240000721999,13846.0,1190,5,,0.14752719999523833,13624.0,1809,3,
40,0,,,,0.0361381000111578,39298.0,428,3,,0.02365000000281725,14044.0,809,9,,0.032987800004775636,23356.0,609,5,,0.03137119999155402,25235.0,486,3,,0.059565600007772446,15370.0,717,3,,0.024169600001187064,14044.0,809,9,,0.04802430000563618,15098.0,872,5,,0.06504500001028646,14930.0,791,3,,0.2679362999915611,12349.0,2280,3,,0.02357169998867903,14044.0,809,9,,0.06634570000460371,13466.0,1158,5,,0.1434951999981422,13039.0,1712,3,
41,0,,,,0.03578679999918677,39583.0,421,3,,0.023702999998931773,14092.0,830,9,,0.03427899999951478,23554.0,613,5,,0.02922150000813417,25661.0,480,3,,0.0628285999991931,15999.0,734,3,,0.02383669999835547,14092.0,830,9,,0.04818439998780377,14980.0,859,5,,0.06509829999413341,14834.0,799,3,,0.28568000000086613,12921.0,2385,3,,0.024975299995276146,14092.0,830,9,,0.06509920000098646,13361.0,1173,5,,0.14565510000102222,12799.0,1761,3,
42,0,,,,0.0340522000042256,36687.0,423,3,,0.022395699998014607,12761.0,793,9,,0.0312697999906959,21655.0,600,5,,0.02967930000158958,23841.0,480,3,,0.06066350000037346,14623.0,738,3,,0.02372869999089744,12761.0,793,9,,0.0437950999912573,13779.0,826,5,,0.06288460000359919,13669.0,768,3,,0.3335936999937985,11806.0,2296,3,,0.02385579999827314,12761.0,793,9,,0.06607810000423342,12034.0,1136,5,,0.1349039999913657,11716.0,1656,3,
43,0,,,,0.034259800013387576,37558.0,419,3,,0.021855700004380196,12974.0,796,9,,0.03093269999953918,22057.0,587,5,,0.028134899999713525,23824.0,472,3,,0.05878429999575019,14991.0,715,3,,0.022940099996048957,12974.0,796,9,,0.045557799996458925,13702.0,831,5,,0.06050130000221543,13817.0,755,3,,0.2829970000020694,11952.0,2340,3,,0.023245699994731694,12974.0,796,9,,0.06433329998981208,12110.0,1132,5,,0.13513170000805985,11873.0,1674,3,
44,0,,,,0.03457669999625068,38422.0,412,3,,0.022535700001753867,13462.0,785,9,,0.03266309999162331,22929.0,595,5,,0.02815040000132285,24770.0,473,3,,0.06134380000003148,15588.0,721,3,,0.022795400000177324,13462.0,785,9,,0.045693599997321144,14229.0,814,5,,0.06399619999865536,14281.0,759,3,,0.27439229999436066,12414.0,2303,3,,0.02175820000411477,13462.0,785,9,,0.06311769998865202,12569.0,1112,5,,0.14172899999539368,12180.0,1641,3,
45,0,,,,0.04896240000380203,38383.0,417,3,,0.02387309999903664,13577.0,819,9,,0.03137399999832269,22419.0,600,5,,0.03668350000225473,24670.0,477,3,,0.06022879999363795,15572.0,715,3,,0.024195699996198528,13577.0,819,9,,0.0483239000022877,14322.0,860,5,,0.06425699999090284,14540.0,780,3,,0.2841675999952713,12224.0,2331,3,,0.023626900001545437,13577.0,819,9,,0.06574299999920186,12771.0,1153,5,,0.14174190000630915,12451.0,1713,3,
46,0,,,,0.03654859999369364,37746.0,405,3,,0.023221299998112954,13535.0,794,9,,0.03108349999820348,22651.0,591,5,,0.028855500000645407,24294.0,474,3,,0.06187709998630453,14877.0,733,3,,0.023284399998374283,13535.0,794,9,,0.046559299997170456,14454.0,831,5,,0.06366470000648405,14465.0,768,3,,0.28107049998652656,12164.0,2354,3,,0.024344499994185753,13535.0,794,9,,0.06534419998934027,12858.0,1128,5,,0.13979500001005363,12627.0,1666,3,
47,0,,,,0.03619660000549629,38735.0,421,3,,0.02281159999256488,13185.0,792,9,,0.03261029999703169,22675.0,593,5,,0.028614599999855272,24434.0,473,3,,0.06377629999769852,15118.0,743,3,,0.023355600002105348,13185.0,792,9,,0.047105200006626546,14190.0,847,5,,0.06452899999567308,14329.0,783,3,,0.2796375999896554,12278.0,2308,3,,0.02312810000148602,13185.0,792,9,,0.06427930000063498,12503.0,1125,5,,0.14063310000346974,12287.0,1704,3,
48,0,,,,0.03488160000415519,36528.0,417,3,,0.02341359999263659,12855.0,808,9,,0.03340139999636449,21239.0,604,5,,0.029470300010871142,22792.0,477,3,,0.06818109999585431,14332.0,739,3,,0.02428440000221599,12855.0,808,9,,0.04881179999210872,13753.0,858,5,,0.06412070000078529,13874.0,774,3,,0.28693280000879895,11761.0,2317,3,,0.023220800008857623,12855.0,808,9,,0.06616130001202691,12173.0,1147,5,,0.17172510000818875,11967.0,1710,3,
49,0,,,,0.035623499992652796,39354.0,422,3,,0.023617600003490224,14229.0,811,9,,0.033162000006996095,23571.0,613,5,,0.028103699994971976,25436.0,479,3,,0.06342710000171792,15723.0,745,3,,0.024575600007665344,14229.0,811,9,,0.04919549998885486,14970.0,862,5,,0.06400420000136364,14689.0,781,3,,0.28827850001107436,12870.0,2327,3,,0.023365300003206357,14229.0,811,9,,0.06703160000324715,13178.0,1136,5,,0.14332249999279156,12723.0,1724,3,
50,0,,,,0.03453360000276007,38139.0,404,3,,0.027420400001574308,13765.0,810,9,,0.03197939999517985,22956.0,597,5,,0.02730889999656938,24569.0,469,3,,0.056530499990913086,15519.0,686,3,,0.023301299996091984,13765.0,810,9,,0.04862519999733195,14734.0,860,5,,0.06377700000302866,14428.0,777,3,,0.2742560000042431,12403.0,2304,3,,0.02360939999925904,13765.0,810,9,,0.06859469998744316,13086.0,1143,5,,0.1417389000125695,12612.0,1721,3,
51,0,,,,0.03413699999509845,37211.0,415,3,,0.0245435999968322,13137.0,813,9,,0.035535400005755946,22524.0,607,5,,0.02828899999440182,24549.0,479,3,,0.06478770000103395,15276.0,750,3,,0.02402050000091549,13137.0,813,9,,0.04809650000242982,14504.0,883,5,,0.06605530000524595,14447.0,787,3,,0.29298040000139736,12396.0,2397,3,,0.022998300002655014,13137.0,813,9,,0.06792569998651743,12792.0,1154,5,,0.14246509999793489,12549.0,1730,3,
52,0,,,,0.05015500000445172,38026.0,423,3,,0.022148100004415028,12733.0,793,9,,0.032500399989658035,21779.0,597,5,,0.037333300002501346,23268.0,471,3,,0.07206690000020899,14891.0,755,3,,0.023285899995244108,12733.0,793,9,,0.04853000000002794,13906.0,846,5,,0.06314779999956954,13914.0,773,3,,0.2839957999967737,12111.0,2344,3,,0.024511399999028072,12733.0,793,9,,0.06511809999938123,12273.0,1137,5,,0.14022169999952894,11928.0,1696,3,
53,0,,,,0.039883899997221306,39033.0,431,3,,0.02300929999910295,13609.0,828,9,,0.03417269999044947,23047.0,625,5,,0.028816899997764267,24952.0,489,3,,0.060530099988682196,15763.0,734,3,,0.024456400002236478,13609.0,828,9,,0.04914979999011848,14715.0,882,5,,0.06595789999119006,14734.0,793,3,,0.29042520000075456,12409.0,2408,3,,0.024469700001645833,13609.0,828,9,,0.06725420001021121,13105.0,1183,5,,0.1456631000037305,12881.0,1744,3,
54,0,,,,0.035203500010538846,39883.0,421,3,,0.02417530000093393,13832.0,834,9,,0.03269370000634808,23777.0,619,5,,0.035795699994196184,25405.0,484,3,,0.06186639999214094,15793.0,739,3,,0.024703400005819276,13832.0,834,9,,0.04823319999559317,14874.0,880,5,,0.06367360000149347,15023.0,786,3,,0.29626449999341276,12700.0,2412,3,,0.023780199990142137,13832.0,834,9,,0.06499709999479819,13211.0,1173,5,,0.14534630000707693,13127.0,1743,3,
55,0,,,,0.0347265000018524,36269.0,408,3,,0.021763700002338737,12856.0,781,9,,0.032369499997003004,21456.0,589,5,,0.026571700000204146,23291.0,463,3,,0.062215600002673455,14307.0,731,3,,0.02783810000983067,12856.0,781,9,,0.04869959999632556,13964.0,831,5,,0.06321890000253916,14084.0,768,3,,0.2811738000018522,11742.0,2297,3,,0.022147399999084882,12856.0,781,9,,0.06415170000400394,12356.0,1123,5,,0.14045489999989513,12068.0,1681,3,
56,0,,,,0.03509429999394342,38629.0,420,3,,0.023409000001265667,14481.0,827,9,,0.032293900003423914,23245.0,607,5,,0.027764700003899634,24830.0,484,3,,0.05703350000840146,15778.0,703,3,,0.024271799993584864,14481.0,827,9,,0.04946179999387823,14984.0,855,5,,0.06513909999921452,15009.0,796,3,,0.27908879998722114,12354.0,2322,3,,0.024570800000219606,14481.0,827,9,,0.0680838000116637,13390.0,1162,5,,0.14479900000151247,13109.0,1734,3,
57,0,,,,0.034941499994602054,37730.0,421,3,,0.02300400000240188,12964.0,797,9,,0.03187449999677483,21676.0,597,5,,0.028115399996750057,23418.0,480,3,,0.06498229999851901,14716.0,761,3,,0.02596270000503864,12964.0,797,9,,0.04940520001400728,13986.0,856,5,,0.06435429998964537,14131.0,776,3,,0.27336979999381583,11945.0,2286,3,,0.023351199997705407,12964.0,797,9,,0.06549330000416376,12570.0,1122,5,,0.14147020000382327,12182.0,1682,3,
58,0,,,,0.03591960000630934,37641.0,411,3,,0.022675600004731677,13075.0,806,9,,0.03180460000294261,21899.0,599,5,,0.027986300003249198,23747.0,476,3,,0.06349160001263954,14431.0,739,3,,0.02351309999357909,13075.0,806,9,,0.04874769999878481,13807.0,861,5,,0.06343429999833461,14126.0,782,3,,0.28679579999879934,11800.0,2336,3,,0.022385900010704063,13075.0,806,9,,0.06518700000015087,12461.0,1136,5,,0.1425850000086939,12122.0,1708,3,
59,0,,,,0.03509469999698922,37664.0,421,3,,0.02329219999955967,13130.0,788,9,,0.060296900002867915,22530.0,592,5,,0.03768429999763612,24215.0,481,3,,0.06299639999633655,14569.0,737,3,,0.02290730000822805,13130.0,788,9,,0.047442399998544715,14109.0,841,5,,0.06268280000949744,14074.0,764,3,,0.27698910000617616,11947.0,2286,3,,0.02238129999022931,13130.0,788,9,,0.06367560000217054,12456.0,1118,5,,0.13933469999756198,12234.0,1679,3,
60,0,,,,0.03668150000157766,35703.0,413,3,,0.027990200003841892,13012.0,793,9,,0.03144310000061523,20731.0,589,5,,0.027094100005342625,22184.0,461,3,,0.06353139999555424,14010.0,747,3,,0.02308660000562668,13012.0,793,9,,0.04775579999841284,13623.0,837,5,,0.06286280001222622,13566.0,755,3,,0.28105849999701604,11598.0,2283,3,,0.022891799992066808,13012.0,793,9,,0.06442029999743681,12020.0,1120,5,,0.13908329998957925,11680.0,1654,3,
61,0,,,,0.03564480000932235,40892.0,422,3,,0.024041399999987334,14616.0,824,9,,0.03227630000037607,24462.0,608,5,,0.02761550000286661,26523.0,479,3,,0.06409480000729673,16649.0,713,3,,0.02382729999953881,14616.0,824,9,,0.048495099996216595,15675.0,858,5,,0.0663605000008829,15575.0,800,3,,0.28285000000323635,13137.0,2384,3,,0.024031799999647774,14616.0,824,9,,0.06761099999130238,13903.0,1174,5,,0.1482943000009982,13458.0,1741,3,
62,0,,,,0.049433699998189695,36767.0,425,3,,0.02224930000375025,12957.0,800,9,,0.03277859999798238,21751.0,602,5,,0.029178199998568743,23620.0,482,3,,0.06933569999819156,14506.0,750,3,,0.023058999999193475,12957.0,800,9,,0.04925699999148492,13501.0,847,5,,0.0658469000045443,13800.0,784,3,,0.29068459999689367,11855.0,2352,3,,0.022045499994419515,12957.0,800,9,,0.06682059999729972,11945.0,1132,5,,0.14232039998751134,11690.0,1714,3,
63,0,,,,0.034224200004246086,38301.0,414,3,,0.023454800000763498,13682.0,801,9,,0.031212500005494803,22960.0,596,5,,0.026463799993507564,25308.0,475,3,,0.05905950001033489,15946.0,712,3,,0.02335950000269804,13682.0,801,9,,0.04586149999522604,14795.0,841,5,,0.06379230000311509,14761.0,773,3,,0.27766629999678116,12460.0,2327,3,,0.025222099997336045,13682.0,801,9,,0.06611590000102296,12949.0,1146,5,,0.14139999999315478,12641.0,1736,3,
64,0,,,,0.03477209999982733,39063.0,419,3,,0.0225468999997247,13900.0,809,9,,0.03144109999993816,23379.0,605,5,,0.02707409999857191,25567.0,485,3,,0.0614991999900667,15964.0,730,3,,0.0235026000009384,13900.0,809,9,,0.04735880000225734,14791.0,851,5,,0.06420090000028722,14859.0,790,3,,0.28802490000089165,12762.0,2390,3,,0.023063100001309067,13900.0,809,9,,0.06553409999469295,13167.0,1158,5,,0.14060549999703653,12782.0,1720,3,
65,0,,,,0.035018399998079985,36705.0,419,3,,0.023329799994826317,12856.0,792,9,,0.03199339999991935,21546.0,605,5,,0.0298804000049131,23507.0,481,3,,0.06253330000618007,14419.0,741,3,,0.02370130000053905,12856.0,792,9,,0.04852799999935087,14038.0,849,5,,0.06564899999648333,13939.0,775,3,,0.28057310001167934,11829.0,2288,3,,0.022622300006332807,12856.0,792,9,,0.06606630000169389,12460.0,1143,5,,0.13958199998887721,12115.0,1686,3,
66,0,,,,0.03597730000910815,37993.0,425,3,,0.022917099995538592,13063.0,803,9,,0.0328433000104269,22460.0,611,5,,0.03775360000145156,24115.0,484,3,,0.12001049998798408,14419.0,757,3,,0.02321020000090357,13063.0,803,9,,0.050517600000603124,13911.0,881,5,,0.06524930000887252,14177.0,784,3,,0.27587409999978263,11864.0,2284,3,,0.024021000004722737,13063.0,803,9,,0.0662158999912208,12558.0,1139,5,,0.1405533000070136,12261.0,1725,3,
67,0,,,,0.038164699988556094,37501.0,426,3,,0.022298600000794977,12870.0,803,9,,0.032693599991034716,22123.0,608,5,,0.027888199998415075,23736.0,482,3,,0.06329859999823384,14610.0,744,3,,0.023457899995264597,12870.0,803,9,,0.04858960000274237,14405.0,861,5,,0.06527429999550804,14416.0,787,3,,0.2727751000056742,11969.0,2287,3,,0.0234315000125207,12870.0,803,9,,0.06696389999706298,12673.0,1149,5,,0.1400502000033157,12437.0,1727,3,
68,0,,,,0.035696099992492236,36889.0,419,3,,0.022555300005478784,12930.0,797,9,,0.0325375999964308,21835.0,601,5,,0.027872999999090098,24246.0,477,3,,0.06552319999900647,14152.0,747,3,,0.023133700000471435,12930.0,797,9,,0.05002989999775309,13918.0,848,5,,0.06444400000327732,14191.0,771,3,,0.28735969999979716,11526.0,2329,3,,0.022815199990873225,12930.0,797,9,,0.06562300000223331,12500.0,1134,5,,0.13986619999923278,12343.0,1678,3,
69,0,,,,0.03362669999478385,36065.0,406,3,,0.022045699995942414,12637.0,780,9,,0.03191249999508727,21332.0,578,5,,0.02704509999603033,23135.0,461,3,,0.06331539999519009,14454.0,736,3,,0.022952500003157184,12637.0,780,9,,0.048364699992816895,13495.0,816,5,,0.06647760000487324,13623.0,763,3,,0.2862754999950994,11750.0,2346,3,,0.02378590000444092,12637.0,780,9,,0.06522240000776947,11975.0,1114,5,,0.13948509999318048,11674.0,1676,3,
70,0,,,,0.034277600003406405,36441.0,415,3,,0.021425300001283176,12640.0,778,9,,0.031053300001076423,20884.0,582,5,,0.02728759999445174,23186.0,470,3,,0.06546100000559818,14100.0,745,3,,0.022689399993396364,12640.0,778,9,,0.046465499995974824,13344.0,832,5,,0.06249989999923855,13669.0,764,3,,0.2796833000029437,11596.0,2293,3,,0.02377830000477843,12640.0,778,9,,0.06392469999263994,11901.0,1112,5,,0.13428250000288244,11575.0,1666,3,
71,0,,,,0.03646249999292195,38047.0,431,3,,0.022694799990858883,13289.0,817,9,,0.034236999999848194,22351.0,612,5,,0.028282899991609156,23861.0,488,3,,0.0635413999989396,14622.0,745,3,,0.023916299993288703,13289.0,817,9,,0.04916429999866523,14017.0,860,5,,0.06667530001141131,14152.0,795,3,,0.28173729999980424,11820.0,2309,3,,0.02430580000509508,13289.0,817,9,,0.06723680000868626,12438.0,1147,5,,0.14171330000681337,12344.0,1735,3,
72,0,,,,0.03825990000041202,37087.0,409,3,,0.024040099990088493,13223.0,798,9,,0.03147839999292046,22208.0,591,5,,0.027031400008127093,23895.0,469,3,,0.06635280000045896,15226.0,720,3,,0.023908599992864765,13223.0,798,9,,0.0493958000006387,14136.0,844,5,,0.06464789999881759,14396.0,781,3,,0.2856835999991745,11962.0,2349,3,,0.023725299994111992,13223.0,798,9,,0.06568159999733325,12593.0,1133,5,,0.14326050000090618,12376.0,1712,3,
73,0,,,,0.035241599995060824,36604.0,424,3,,0.023109500005375594,13075.0,779,9,,0.03208830000949092,21213.0,596,5,,0.03697950000059791,22899.0,470,3,,0.06493579999369103,14384.0,748,3,,0.023301299996091984,13075.0,779,9,,0.04783579999639187,14062.0,838,5,,0.06574890000047162,14117.0,773,3,,0.26598009999725036,11894.0,2225,3,,0.02324540000699926,13075.0,779,9,,0.06881699999212287,12438.0,1107,5,,0.14197710000735242,12090.0,1662,3,
74,0,,,,0.03451420000055805,36782.0,414,3,,0.021980399993481115,13311.0,790,9,,0.030795800004852936,21890.0,588,5,,0.02767269998730626,24049.0,474,3,,0.06025529999169521,14723.0,715,3,,0.02315249999810476,13311.0,790,9,,0.04609780000464525,14054.0,836,5,,0.06292119999125134,14085.0,765,3,,0.2651525999972364,11774.0,2200,3,,0.023594999991473742,13311.0,790,9,,0.11399230000097305,12327.0,1102,5,,0.13561230000050273,11968.0,1655,3,
75,0,,,,0.035294699991936795,37713.0,423,3,,0.02334139999584295,13374.0,808,9,,0.03256379999220371,22833.0,613,5,,0.026751400000648573,24254.0,470,3,,0.06341380000230856,15134.0,751,3,,0.023368499998468906,13374.0,808,9,,0.048332200007280335,14770.0,860,5,,0.06479619999299757,14434.0,780,3,,0.28456099999311846,12253.0,2368,3,,0.023645299996132962,13374.0,808,9,,0.06856030000199098,12918.0,1156,5,,0.14514130000316072,12423.0,1719,3,
76,0,,,,0.03617459999804851,37677.0,426,3,,0.022768800001358613,13386.0,813,9,,0.03382389999751467,22157.0,607,5,,0.02838250000786502,24255.0,484,3,,0.06744139999500476,14917.0,764,3,,0.024232299998402596,13386.0,813,9,,0.049880400008987635,14323.0,881,5,,0.06675509999331553,14459.0,799,3,,0.28453090001130477,12215.0,2341,3,,0.02286650000314694,13386.0,813,9,,0.06783010000071954,12729.0,1161,5,,0.14807290000317153,12443.0,1743,3,
77,0,,,,0.03557310000178404,39081.0,428,3,,0.023688200002652593,13734.0,828,9,,0.032816799997817725,23583.0,615,5,,0.028064800004358403,25507.0,493,3,,0.06088849999650847,16100.0,724,3,,0.024448899988783523,13734.0,828,9,,0.04952229998889379,15057.0,877,5,,0.06571969999640714,15092.0,798,3,,0.2923791999928653,12684.0,2427,3,,0.02514599999994971,13734.0,828,9,,0.07002210000064224,13460.0,1176,5,,0.14798829999926966,13051.0,1784,3,
78,0,,,,0.03529809998872224,36274.0,415,3,,0.022061900002881885,12663.0,777,9,,0.032957000003079884,21389.0,586,5,,0.026785399997606874,23290.0,468,3,,0.06609180000668857,13973.0,736,3,,0.024433500002487563,12663.0,777,9,,0.0462002999993274,13402.0,808,5,,0.06170190000557341,13445.0,740,3,,0.28047099999093916,11713.0,2300,3,,0.023238299996592104,12663.0,777,9,,0.06577599998854566,11855.0,1100,5,,0.13505249998706859,11433.0,1610,3,
79,0,,,,0.034590899987961166,37988.0,417,3,,0.02269360001082532,13247.0,795,9,,0.03308239999751095,22913.0,596,5,,0.027509199993801303,24655.0,476,3,,0.059651599993230775,15710.0,710,3,,0.023348899994743988,13247.0,795,9,,0.048037200001999736,14507.0,836,5,,0.06460569999762811,14569.0,776,3,,0.2810830999951577,12345.0,2339,3,,0.023202699987450615,13247.0,795,9,,0.07001849998778198,12964.0,1142,5,,0.14216430000669789,12510.0,1705,3,
80,0,,,,0.03580110000621062,38174.0,427,3,,0.022559899996849708,13275.0,804,9,,0.0325343000004068,22124.0,601,5,,0.03864919999614358,23859.0,487,3,,0.06674959999509156,14936.0,753,3,,0.02305960000376217,13275.0,804,9,,0.04963110000244342,14460.0,849,5,,0.06636759999673814,14396.0,785,3,,0.2881570999888936,12237.0,2368,3,,0.02296800000476651,13275.0,804,9,,0.06718980000005104,12717.0,1155,5,,0.1422043000056874,12254.0,1708,3,
81,0,,,,0.03875020000850782,37420.0,414,3,,0.023390999995172024,13385.0,811,9,,0.031215099996188655,22649.0,589,5,,0.02786089999426622,24395.0,470,3,,0.05832350000855513,15447.0,708,3,,0.024229300004662946,13385.0,811,9,,0.0483043000131147,14273.0,852,5,,0.06433979999565054,14318.0,772,3,,0.2822994000016479,12084.0,2314,3,,0.024112800005241297,13385.0,811,9,,0.0666073000029428,12569.0,1139,5,,0.14512009998725262,12227.0,1703,3,
82,0,,,,0.034507400006987154,36499.0,414,3,,0.021762200005468912,13065.0,785,9,,0.03308729999116622,21552.0,586,5,,0.029417700003250502,23463.0,464,3,,0.06460189999779686,14928.0,741,3,,0.022706399991875514,13065.0,785,9,,0.04626429999188986,14140.0,820,5,,0.06382419999863487,13924.0,765,3,,0.28375149999919813,12197.0,2321,3,,0.022794300006353296,13065.0,785,9,,0.06443169999693055,12475.0,1108,5,,0.13564229999610689,11865.0,1651,3,
83,0,,,,0.036128799998550676,38195.0,426,3,,0.02392619999591261,13850.0,831,9,,0.03281479999714065,23174.0,608,5,,0.02963189998990856,24833.0,486,3,,0.0627260000037495,15980.0,734,3,,0.02457680000225082,13850.0,831,9,,0.049457400004030205,14762.0,863,5,,0.06806140000117011,15013.0,794,3,,0.28855810000095516,12678.0,2387,3,,0.0241632999968715,13850.0,831,9,,0.06863350000639912,13126.0,1163,5,,0.14728599999216385,12843.0,1722,3,
84,0,,,,0.037469200004125014,38760.0,417,3,,0.0233833000093,13575.0,816,9,,0.03265999999712221,23500.0,608,5,,0.027711999995517544,25694.0,474,3,,0.05995429999893531,15746.0,707,3,,0.02422649999789428,13575.0,816,9,,0.05021050000505056,15169.0,875,5,,0.06773189999512397,15196.0,794,3,,0.2905231000040658,12642.0,2413,3,,0.024057200003881007,13575.0,816,9,,0.06846650000079535,13502.0,1196,5,,0.1487011999997776,13138.0,1745,3,
85,0,,,,0.04970509999839123,37508.0,429,3,,0.023523600000771694,13149.0,805,9,,0.0324722999939695,22561.0,598,5,,0.02800619999470655,24465.0,482,3,,0.06187070001033135,14994.0,715,3,,0.024286800005938858,13149.0,805,9,,0.05008030000317376,14739.0,857,5,,0.06510570000682492,14724.0,768,3,,0.2767944999941392,11992.0,2299,3,,0.023867999989306554,13149.0,805,9,,0.06701719999546185,13121.0,1145,5,,0.14147780000348575,12782.0,1705,3,
86,0,,,,0.035546499988413416,36951.0,421,3,,0.02505159999418538,13407.0,831,9,,0.03272329999890644,22227.0,616,5,,0.02800330000172835,23728.0,477,3,,0.06557679999968968,15240.0,754,3,,0.024514099990483373,13407.0,831,9,,0.04939860000740737,14579.0,882,5,,0.06588829999964219,14465.0,787,3,,0.2933255999960238,12401.0,2388,3,,0.024015800008783117,13407.0,831,9,,0.06767609999224078,13009.0,1176,5,,0.14569970000593457,12530.0,1761,3,
87,0,,,,0.034842199995182455,37760.0,415,3,,0.023597999999765307,13532.0,795,9,,0.03142200000002049,23001.0,593,5,,0.03623090000473894,24682.0,471,3,,0.05740740000328515,15435.0,700,3,,0.023659300000872463,13532.0,795,9,,0.048250100007862784,14602.0,840,5,,0.06601219999720342,14694.0,772,3,,0.27352679999603424,12443.0,2266,3,,0.024968300000182353,13532.0,795,9,,0.06865639999159612,12954.0,1138,5,,0.1436447999876691,12795.0,1703,3,
88,0,,,,0.03840360000322107,38488.0,416,3,,0.024039199997787364,13887.0,803,9,,0.03283660000306554,23600.0,601,5,,0.027460199999040924,25169.0,469,3,,0.05773179999960121,15732.0,705,3,,0.02436890000535641,13887.0,803,9,,0.04798760000267066,14669.0,832,5,,0.06624539999756962,14602.0,770,3,,0.27253960000234656,12345.0,2269,3,,0.024476999999023974,13887.0,803,9,,0.06797270000970457,12905.0,1124,5,,0.14379860000917688,12662.0,1678,3,
89,0,,,,0.036409899999853224,38924.0,428,3,,0.023574899998493493,13556.0,821,9,,0.034919199999421835,23015.0,617,5,,0.02743929999996908,24969.0,487,3,,0.06401780000305735,15459.0,740,3,,0.024117199995089322,13556.0,821,9,,0.04825219999474939,14553.0,866,5,,0.06657090000226162,14426.0,796,3,,0.299624400009634,12468.0,2458,3,,0.024510100003681146,13556.0,821,9,,0.06880130000354256,12722.0,1163,5,,0.14344169999822043,12349.0,1744,3,
90,0,,,,0.035650399993755855,39048.0,427,3,,0.022642399999313056,13805.0,815,9,,0.0321239000040805,23039.0,599,5,,0.027745100000174716,24864.0,483,3,,0.05773669999325648,15764.0,701,3,,0.07119139999849722,13805.0,815,9,,0.04646060000231955,14480.0,853,5,,0.06620429999020416,14709.0,798,3,,0.28689599999052007,12499.0,2382,3,,0.022543300001416355,13805.0,815,9,,0.06694099999731407,12778.0,1142,5,,0.14374070000485517,12522.0,1733,3,
91,0,,,,0.039484000008087605,34748.0,409,3,,0.02126720000524074,12527.0,776,9,,0.03180130000691861,21135.0,579,5,,0.027044499991461635,22588.0,463,3,,0.06264119999832474,13447.0,722,3,,0.023358699996606447,12527.0,776,9,,0.045963600001414306,13425.0,824,5,,0.06368120000115596,13457.0,751,3,,0.276349100007792,11185.0,2251,3,,0.023398599994834512,12527.0,776,9,,0.0687818000005791,11806.0,1097,5,,0.13426760000584181,11520.0,1636,3,
92,0,,,,0.0361506999906851,39129.0,422,3,,0.024168600008124486,13497.0,807,9,,0.03191869999864139,23050.0,603,5,,0.027077399994595908,24705.0,474,3,,0.0648695999989286,15679.0,740,3,,0.023767799997585826,13497.0,807,9,,0.04862989998946432,14188.0,850,5,,0.06505790000665002,14386.0,774,3,,0.2887297999986913,12477.0,2380,3,,0.023940900005982257,13497.0,807,9,,0.06780939998861868,12652.0,1151,5,,0.14243389999319334,12351.0,1711,3,
93,0,,,,0.03480409999610856,36302.0,415,3,,0.024996599997393787,12652.0,784,9,,0.03124930000922177,21594.0,586,5,,0.02893140001106076,23882.0,475,3,,0.06500460000825115,14186.0,738,3,,0.024994699997478165,12652.0,784,9,,0.045639300005859695,13475.0,825,5,,0.06379759999981616,13656.0,763,3,,0.28014850000909064,11752.0,2283,3,,0.021120999997947365,12652.0,784,9,,0.06858350000402424,12042.0,1121,5,,0.14265890000388026,11820.0,1656,3,
94,0,,,,0.03473579999990761,37718.0,413,3,,0.02226399999926798,13362.0,804,9,,0.03254140001081396,22559.0,603,5,,0.03845809999620542,24456.0,474,3,,0.06392260000575334,15183.0,732,3,,0.023402299993904307,13362.0,804,9,,0.048180199999478646,14430.0,843,5,,0.06756840000161901,14315.0,776,3,,0.29260129999602214,12240.0,2360,3,,0.023228699996252544,13362.0,804,9,,0.06745089999458287,12909.0,1142,5,,0.14608100001350977,12471.0,1701,3,
95,0,,,,0.04008109999995213,39215.0,437,3,,0.0239451000088593,14256.0,830,9,,0.034295399993425235,23396.0,627,5,,0.027945699999690987,25052.0,493,3,,0.06662099999084603,15267.0,757,3,,0.02579669999249745,14256.0,830,9,,0.047062300000106916,14974.0,855,5,,0.06797930000175256,14928.0,808,3,,0.2965587999933632,12577.0,2457,3,,0.02470049999828916,14256.0,830,9,,0.06931089999852702,13275.0,1199,5,,0.15000949999375734,13108.0,1795,3,
96,0,,,,0.034343599996645935,36217.0,416,3,,0.022224300002562813,12581.0,796,9,,0.03253199999744538,21522.0,602,5,,0.027435600000899285,23331.0,477,3,,0.06318420000025071,14143.0,742,3,,0.023852300000726245,12581.0,796,9,,0.046782499994151294,13700.0,856,5,,0.063948299997719,13728.0,764,3,,0.28547009998874273,11469.0,2304,3,,0.024114399988320656,12581.0,796,9,,0.06801950000226498,12093.0,1140,5,,0.13699179999821354,11727.0,1655,3,
97,0,,,,0.03680569998687133,37303.0,434,2,,0.022044500001356937,12470.0,792,8,,0.03242370000225492,21222.0,611,4,,0.02814080000098329,23132.0,483,3,,0.06481820000044536,14188.0,747,2,,0.02268999999796506,12470.0,792,8,,0.048489900000276975,13408.0,851,4,,0.07321550000051502,13982.0,770,3,,0.28522860001248773,11517.0,2306,2,,0.02298720000544563,12470.0,792,8,,0.06812840000202414,11850.0,1121,4,,0.16129669999645557,11874.0,1687,3,
98,0,,,,0.03938410000409931,37766.0,423,3,,0.022922500007553026,13086.0,800,9,,0.032114500005263835,22421.0,587,5,,0.027934599987929687,24402.0,484,3,,0.06265779999375809,15347.0,745,3,,0.023442600009730086,13086.0,800,9,,0.04809900000691414,13942.0,835,5,,0.12208490000921302,14313.0,781,3,,0.2857443999964744,12356.0,2355,3,,0.025313300007837825,13086.0,800,9,,0.06715869999607094,12427.0,1136,5,,0.14548750000540167,12295.0,1712,3,
99,0,,,,0.03689440000744071,39210.0,421,3,,0.023199399991426617,13774.0,799,9,,0.03183350000472274,23442.0,600,5,,0.027688800008036196,25116.0,478,3,,0.06500790000427514,15466.0,732,3,,0.02384399999573361,13774.0,799,9,,0.0449493999913102,14574.0,825,5,,0.06496279999555554,14362.0,768,3,,0.284317400000873,12668.0,2361,3,,0.024424499992164783,13774.0,799,9,,0.06638150000071619,12872.0,1133,5,,0.14220889999705832,12499.0,1703,3,
100,0,,,,0.037316400004783645,37183.0,437,3,,0.024626899990835227,13266.0,818,9,,0.034372299996903166,22457.0,610,5,,0.028444300012779422,24711.0,491,3,,0.061830999999074265,15095.0,733,3,,0.02456970000639558,13266.0,818,9,,0.048472800001036376,14086.0,854,5,,0.0681847999949241,14336.0,796,3,,0.2932485000055749,12181.0,2386,3,,0.022701299996697344,13266.0,818,9,,0.06780049999360926,12396.0,1157,5,,0.14476100000320002,12123.0,1718,3,
101,0,,,,0.03653680000570603,39833.0,431,3,,0.022970499994698912,13578.0,819,9,,0.03301949999877252,23144.0,615,5,,0.04002460000629071,25030.0,489,3,,0.06899800000246614,15344.0,764,3,,0.023673799994867295,13578.0,819,9,,0.04925310000544414,14405.0,864,5,,0.06620010000187904,14438.0,785,3,,0.28866500000003725,12442.0,2373,3,,0.025118099991232157,13578.0,819,9,,0.06844879999698605,12829.0,1161,5,,0.1466805999953067,12554.0,1735,3,
102,0,,,,0.03967919999558944,38632.0,422,3,,0.023374699987471104,13630.0,833,9,,0.03273089999856893,22332.0,600,5,,0.028313000002526678,24572.0,481,3,,0.062356499998713844,15333.0,739,3,,0.02479749999474734,13630.0,833,9,,0.048420399994938634,13886.0,867,5,,0.06691809999756515,14207.0,795,3,,0.29656750000140164,12332.0,2418,3,,0.026979000002029352,13630.0,833,9,,0.07199650000256952,12537.0,1164,5,,0.14108600000326987,12124.0,1754,3,
103,0,,,,0.04087959999742452,38161.0,419,3,,0.022690900004818104,13712.0,790,9,,0.03194439999060705,23217.0,598,5,,0.032435299988719635,25064.0,471,3,,0.06724790000589564,15220.0,741,3,,0.024126199990860187,13712.0,790,9,,0.04777779999130871,14819.0,836,5,,0.06724580000445712,14622.0,766,3,,0.2792999000084819,12335.0,2317,3,,0.023208300000987947,13712.0,790,9,,0.06680110000888817,12990.0,1132,5,,0.14400709999608807,12629.0,1671,3,
104,0,,,,0.0358979000011459,38103.0,425,3,,0.023740200005704537,13330.0,826,9,,0.03318470000522211,22273.0,609,5,,0.028142499999376014,23857.0,476,3,,0.06126110001059715,15356.0,725,3,,0.02470149999135174,13330.0,826,9,,0.05226129999209661,14510.0,878,5,,0.06797960000403691,14598.0,795,3,,0.3029370000003837,12419.0,2436,3,,0.0239791000058176,13330.0,826,9,,0.06954759999644011,12886.0,1178,5,,0.15115040000819135,12602.0,1772,3,
