matrix,engine,framework,ttfp_ms
0,Hungarian,BvN,0.7781000022077933
0,Hungarian,Radix B2,2.7350999880582094
0,Hungarian,Radix B4,1.531400004751049
0,Hungarian,Radix B8,1.254899994819425
0,Hungarian,Radix B16,1.0525000107008964
0,Hungarian,Euler d1,17.859200001112185
0,Hungarian,Euler d2,28.601299985894002
0,Hungarian,Euler d3,33.02929998608306
0,Hungarian,Euler d4,31.649399985326454
0,WFA,BvN,0.09800000407267362
0,WFA,Radix B2,2.4235000018961728
0,WFA,Radix B4,1.2836999958381057
0,WFA,Radix B8,0.8968999900389463
0,WFA,Radix B16,0.7342999888351187
0,WFA,Euler d1,14.992000011261553
0,WFA,Euler d2,24.518599995644763
0,WFA,Euler d3,29.206399995018728
0,WFA,Euler d4,31.896400018013082
0,GW (dyn=stat),BvN,1.220100006321445
0,GW (dyn=stat),Radix B2,2.4622999917482957
0,GW (dyn=stat),Radix B4,1.4960999978939071
0,GW (dyn=stat),Radix B8,1.2095999991288409
0,GW (dyn=stat),Radix B16,0.9637000039219856
0,GW (dyn=stat),Euler d1,15.781599999172613
0,GW (dyn=stat),Euler d2,24.854700022842735
0,GW (dyn=stat),Euler d3,29.559199989307672
0,GW (dyn=stat),Euler d4,33.67489999800455
1,Hungarian,BvN,0.9870000067166984
1,Hungarian,Radix B2,2.4227000103564933
1,Hungarian,Radix B4,1.3827000075252727
1,Hungarian,Radix B8,1.0556000052019954
1,Hungarian,Radix B16,0.8161000005202368
1,Hungarian,Euler d1,17.983999990974553
1,Hungarian,Euler d2,27.258300004177727
1,Hungarian,Euler d3,33.12839999853168
1,Hungarian,Euler d4,35.036300017964095
1,WFA,BvN,0.0909000082174316
1,WFA,Radix B2,2.369800000451505
1,WFA,Radix B4,1.353300001937896
1,WFA,Radix B8,0.8114000083878636
1,WFA,Radix B16,0.9080000018002465
1,WFA,Euler d1,16.874499997356907
1,WFA,Euler d2,26.50389999325853
1,WFA,Euler d3,32.808500007377006
1,WFA,Euler d4,37.01299997919705
1,GW (dyn=stat),BvN,1.2214000016683713
1,GW (dyn=stat),Radix B2,2.542900008847937
1,GW (dyn=stat),Radix B4,1.4277000009315088
1,GW (dyn=stat),Radix B8,1.305600002524443
1,GW (dyn=stat),Radix B16,1.0086999973282218
1,GW (dyn=stat),Euler d1,18.85059999767691
1,GW (dyn=stat),Euler d2,31.609400000888854
1,GW (dyn=stat),Euler d3,41.538299978128634
1,GW (dyn=stat),Euler d4,42.55749998264946
2,Hungarian,BvN,1.1821000080090016
2,Hungarian,Radix B2,3.0759999935980886
2,Hungarian,Radix B4,1.6485000087413937
2,Hungarian,Radix B8,1.436099992133677
2,Hungarian,Radix B16,1.021999996737577
2,Hungarian,Euler d1,21.569800010183826
2,Hungarian,Euler d2,32.32810001645703
2,Hungarian,Euler d3,38.49239999544807
2,Hungarian,Euler d4,41.76890001690481
2,WFA,BvN,0.11490000179037452
2,WFA,Radix B2,2.918800004408695
2,WFA,Radix B4,1.4399999927263707
2,WFA,Radix B8,1.0445999796502292
2,WFA,Radix B16,0.8367000118596479
2,WFA,Euler d1,19.888200011337176
2,WFA,Euler d2,31.74260001105722
2,WFA,Euler d3,38.20150002138689
2,WFA,Euler d4,45.421600007102825
2,GW (dyn=stat),BvN,1.5444000018760562
2,GW (dyn=stat),Radix B2,3.060199989704415
2,GW (dyn=stat),Radix B4,1.8534999981056899
2,GW (dyn=stat),Radix B8,1.609899991308339
2,GW (dyn=stat),Radix B16,1.1452000035205856
2,GW (dyn=stat),Euler d1,20.197399993776344
2,GW (dyn=stat),Euler d2,31.31730000313837
2,GW (dyn=stat),Euler d3,37.98270001425408
2,GW (dyn=stat),Euler d4,42.18669998226687
3,Hungarian,BvN,1.3266000023577362
3,Hungarian,Radix B2,3.02759998885449
3,Hungarian,Radix B4,1.7063999985111877
3,Hungarian,Radix B8,1.370199999655597
3,Hungarian,Radix B16,1.1281999904895201
3,Hungarian,Euler d1,20.134999984293245
3,Hungarian,Euler d2,31.15270000125747
3,Hungarian,Euler d3,37.55049999745097
3,Hungarian,Euler d4,42.96809999505058
3,WFA,BvN,0.13179999950807542
3,WFA,Radix B2,3.212000010535121
3,WFA,Radix B4,1.504099986050278
3,WFA,Radix B8,1.1282999912509695
3,WFA,Radix B16,0.8716000011190772
3,WFA,Euler d1,22.420599998440593
3,WFA,Euler d2,31.574299981002696
3,WFA,Euler d3,36.8985000095563
3,WFA,Euler d4,40.14500002085697
3,GW (dyn=stat),BvN,1.6313000087393448
3,GW (dyn=stat),Radix B2,3.0347999854711816
3,GW (dyn=stat),Radix B4,1.7185000033350661
3,GW (dyn=stat),Radix B8,1.5318000077968463
3,GW (dyn=stat),Radix B16,1.1365999962436035
3,GW (dyn=stat),Euler d1,20.425700000487268
3,GW (dyn=stat),Euler d2,31.237100018188357
3,GW (dyn=stat),Euler d3,36.48870001779869
3,GW (dyn=stat),Euler d4,37.182199987000786
4,Hungarian,BvN,1.440699998056516
4,Hungarian,Radix B2,3.280600009020418
4,Hungarian,Radix B4,1.6835999995237216
4,Hungarian,Radix B8,1.4652000099886209
4,Hungarian,Radix B16,1.0694000084185973
4,Hungarian,Euler d1,21.26229999703355
4,Hungarian,Euler d2,35.23599999607541
4,Hungarian,Euler d3,38.029000017559156
4,Hungarian,Euler d4,41.0076999978628
4,WFA,BvN,0.1109000004362315
4,WFA,Radix B2,2.928600020823069
4,WFA,Radix B4,1.4785999956075102
4,WFA,Radix B8,1.1119999835500494
4,WFA,Radix B16,0.8824000105960295
4,WFA,Euler d1,19.37180000822991
4,WFA,Euler d2,30.97449999768287
4,WFA,Euler d3,36.9930999877397
4,WFA,Euler d4,41.73840000294149
4,GW (dyn=stat),BvN,1.532000009319745
4,GW (dyn=stat),Radix B2,3.1347000040113926
4,GW (dyn=stat),Radix B4,1.7690999957267195
4,GW (dyn=stat),Radix B8,1.528000007965602
4,GW (dyn=stat),Radix B16,1.1770999990403652
4,GW (dyn=stat),Euler d1,19.581300002755597
4,GW (dyn=stat),Euler d2,31.13419999135658
4,GW (dyn=stat),Euler d3,37.72989999561105
4,GW (dyn=stat),Euler d4,41.54520000156481
5,Hungarian,BvN,0.9067000064533204
5,Hungarian,Radix B2,2.602099993964657
5,Hungarian,Radix B4,1.368700002785772
5,Hungarian,Radix B8,1.1118999827886
5,Hungarian,Radix B16,0.9846000029938295
5,Hungarian,Euler d1,18.699799984460697
5,Hungarian,Euler d2,28.811600001063198
5,Hungarian,Euler d3,32.11699999519624
5,Hungarian,Euler d4,39.36199996678624
5,WFA,BvN,0.11850000009872019
5,WFA,Radix B2,2.797000008285977
5,WFA,Radix B4,1.436699996702373
5,WFA,Radix B8,1.0884999937843531
5,WFA,Radix B16,0.8851000020513311
5,WFA,Euler d1,23.83360000385437
5,WFA,Euler d2,35.372499987715855
5,WFA,Euler d3,43.136799984495156
5,WFA,Euler d4,47.43199999211356
5,GW (dyn=stat),BvN,1.219500001752749
5,GW (dyn=stat),Radix B2,2.299300002050586
5,GW (dyn=stat),Radix B4,1.2798999960068613
5,GW (dyn=stat),Radix B8,1.2353999773040414
5,GW (dyn=stat),Radix B16,1.0842999909073114
5,GW (dyn=stat),Euler d1,18.115800005034544
5,GW (dyn=stat),Euler d2,27.417800010880455
5,GW (dyn=stat),Euler d3,37.52659999008756
5,GW (dyn=stat),Euler d4,40.66900002362672
6,Hungarian,BvN,0.9199000051012263
6,Hungarian,Radix B2,2.701099991099909
6,Hungarian,Radix B4,1.361000002361834
6,Hungarian,Radix B8,0.9239999926649034
6,Hungarian,Radix B16,0.9167000098386779
6,Hungarian,Euler d1,20.666399999754503
6,Hungarian,Euler d2,31.85839999059681
6,Hungarian,Euler d3,41.53640000731684
6,Hungarian,Euler d4,48.20300001301803
6,WFA,BvN,0.10689999908208847
6,WFA,Radix B2,2.9362000059336424
6,WFA,Radix B4,1.4495000068563968
6,WFA,Radix B8,1.0710000060498714
6,WFA,Radix B16,0.8416999917244539
6,WFA,Euler d1,20.758499988005497
6,WFA,Euler d2,31.669599993620068
6,WFA,Euler d3,36.97380001540296
6,WFA,Euler d4,41.45719998632558
6,GW (dyn=stat),BvN,1.619100003154017
6,GW (dyn=stat),Radix B2,2.9547000012826174
6,GW (dyn=stat),Radix B4,1.7722000047797337
6,GW (dyn=stat),Radix B8,1.5762999973958358
6,GW (dyn=stat),Radix B16,1.1296000011498109
6,GW (dyn=stat),Euler d1,21.84309999574907
6,GW (dyn=stat),Euler d2,31.704599983640946
6,GW (dyn=stat),Euler d3,38.995100010652095
6,GW (dyn=stat),Euler d4,43.762200002674945
7,Hungarian,BvN,1.1203999893041328
7,Hungarian,Radix B2,2.8014999988954514
7,Hungarian,Radix B4,1.6201999969780445
7,Hungarian,Radix B8,1.1912999907508492
7,Hungarian,Radix B16,1.0208999883616343
7,Hungarian,Euler d1,21.681800004444085
7,Hungarian,Euler d2,32.410300002084114
7,Hungarian,Euler d3,38.653400013572536
7,Hungarian,Euler d4,42.69960000237916
7,WFA,BvN,0.12119999155402184
7,WFA,Radix B2,2.9898000066168606
7,WFA,Radix B4,1.4659999869763851
7,WFA,Radix B8,1.068099998519756
7,WFA,Radix B16,0.8480999968014657
7,WFA,Euler d1,21.039100000052713
7,WFA,Euler d2,32.52370000700466
7,WFA,Euler d3,37.58850001031533
7,WFA,Euler d4,42.31089998211246
7,GW (dyn=stat),BvN,1.592300002812408
7,GW (dyn=stat),Radix B2,3.230100017390214
7,GW (dyn=stat),Radix B4,1.70310000248719
7,GW (dyn=stat),Radix B8,1.4628999924752861
7,GW (dyn=stat),Radix B16,1.1304000072414055
7,GW (dyn=stat),Euler d1,21.481300005689263
7,GW (dyn=stat),Euler d2,32.553199998801574
7,GW (dyn=stat),Euler d3,38.53040000831243
7,GW (dyn=stat),Euler d4,41.75980000582058
8,Hungarian,BvN,1.1919999960809946
8,Hungarian,Radix B2,2.966800006106496
8,Hungarian,Radix B4,1.680399989709258
8,Hungarian,Radix B8,1.1953000066569075
8,Hungarian,Radix B16,1.0566999990260229
8,Hungarian,Euler d1,21.07679999608081
8,Hungarian,Euler d2,32.98979999090079
8,Hungarian,Euler d3,40.20469999522902
8,Hungarian,Euler d4,42.749599990202114
8,WFA,BvN,0.11509998876135796
8,WFA,Radix B2,2.7159000019310042
8,WFA,Radix B4,1.425599999492988
8,WFA,Radix B8,0.8917999948607758
8,WFA,Radix B16,0.8139999990817159
8,WFA,Euler d1,20.46889999473933
8,WFA,Euler d2,32.2879000013927
8,WFA,Euler d3,38.88510000251699
8,WFA,Euler d4,42.374399985419586
8,GW (dyn=stat),BvN,1.7073999915737659
8,GW (dyn=stat),Radix B2,3.1580999930156395
8,GW (dyn=stat),Radix B4,1.756600002408959
8,GW (dyn=stat),Radix B8,1.4626000047428533
8,GW (dyn=stat),Radix B16,1.1391999869374558
8,GW (dyn=stat),Euler d1,21.333900003810413
8,GW (dyn=stat),Euler d2,33.024400006979704
8,GW (dyn=stat),Euler d3,38.9119000028586
8,GW (dyn=stat),Euler d4,42.66530000313651
9,Hungarian,BvN,1.3212000048952177
9,Hungarian,Radix B2,3.1304000003729016
9,Hungarian,Radix B4,1.6693999932613224
9,Hungarian,Radix B8,1.25119999574963
9,Hungarian,Radix B16,1.034000000800006
9,Hungarian,Euler d1,24.33329999621492
9,Hungarian,Euler d2,36.49380001297686
9,Hungarian,Euler d3,43.51709999900777
9,Hungarian,Euler d4,47.89740001433529
9,WFA,BvN,0.11649999942164868
9,WFA,Radix B2,2.9426000110106543
9,WFA,Radix B4,1.8164000066462904
9,WFA,Radix B8,1.2937999999849126
9,WFA,Radix B16,0.8804999961284921
9,WFA,Euler d1,25.35919999354519
9,WFA,Euler d2,35.59949998452794
9,WFA,Euler d3,41.760700012673624
9,WFA,Euler d4,46.04529999778606
9,GW (dyn=stat),BvN,1.6691000055288896
9,GW (dyn=stat),Radix B2,3.0107000056887046
9,GW (dyn=stat),Radix B4,1.9515000021783635
9,GW (dyn=stat),Radix B8,1.4807999978074804
9,GW (dyn=stat),Radix B16,1.1244999914197251
9,GW (dyn=stat),Euler d1,23.930600000312552
9,GW (dyn=stat),Euler d2,36.17499998654239
9,GW (dyn=stat),Euler d3,42.33059998659883
9,GW (dyn=stat),Euler d4,46.63690000597853
10,Hungarian,BvN,1.3214000064181164
10,Hungarian,Radix B2,2.9575999942608178
10,Hungarian,Radix B4,1.749200004269369
10,Hungarian,Radix B8,1.2445000029401854
10,Hungarian,Radix B16,0.7973000028869137
10,Hungarian,Euler d1,17.30910000333097
10,Hungarian,Euler d2,26.553700008662418
10,Hungarian,Euler d3,41.04979999829084
10,Hungarian,Euler d4,43.89329998230096
10,WFA,BvN,0.1188000023830682
10,WFA,Radix B2,3.033900007721968
10,WFA,Radix B4,1.6198000084841624
10,WFA,Radix B8,0.8958999969763681
10,WFA,Radix B16,0.8499999967170879
10,WFA,Euler d1,21.79580001393333
10,WFA,Euler d2,33.34119998908136
10,WFA,Euler d3,37.97530000156257
10,WFA,Euler d4,42.99470002297312
10,GW (dyn=stat),BvN,1.6807000065455213
10,GW (dyn=stat),Radix B2,3.3017000096151605
10,GW (dyn=stat),Radix B4,1.8195000011473894
10,GW (dyn=stat),Radix B8,1.6395999991800636
10,GW (dyn=stat),Radix B16,1.247400010470301
10,GW (dyn=stat),Euler d1,23.608300005435012
10,GW (dyn=stat),Euler d2,33.19709999777842
10,GW (dyn=stat),Euler d3,39.08119998231996
10,GW (dyn=stat),Euler d4,44.117700002971105
11,Hungarian,BvN,1.3472999999066815
11,Hungarian,Radix B2,2.6633999950718135
11,Hungarian,Radix B4,1.5955000126268715
11,Hungarian,Radix B8,1.2567999947350472
11,Hungarian,Radix B16,1.3270000054035336
11,Hungarian,Euler d1,23.834999999962747
11,Hungarian,Euler d2,35.39000001910608
11,Hungarian,Euler d3,41.028399995411746
11,Hungarian,Euler d4,46.46030001458712
11,WFA,BvN,0.10959999053739011
11,WFA,Radix B2,3.020799995283596
11,WFA,Radix B4,1.4516000082949176
11,WFA,Radix B8,0.8850999874994159
11,WFA,Radix B16,0.8496999944327399
11,WFA,Euler d1,22.289999993517995
11,WFA,Euler d2,33.59059999638703
11,WFA,Euler d3,40.916800004197285
11,WFA,Euler d4,44.86309998901561
11,GW (dyn=stat),BvN,1.6446000081487
11,GW (dyn=stat),Radix B2,3.1414999830303714
11,GW (dyn=stat),Radix B4,1.806199987186119
11,GW (dyn=stat),Radix B8,1.4707000082125887
11,GW (dyn=stat),Radix B16,1.3903000071877614
11,GW (dyn=stat),Euler d1,21.84570000099484
11,GW (dyn=stat),Euler d2,34.48749998642597
11,GW (dyn=stat),Euler d3,42.68499999307096
11,GW (dyn=stat),Euler d4,43.817700003273785
12,Hungarian,BvN,1.0360000014770776
12,Hungarian,Radix B2,3.0984999903012067
12,Hungarian,Radix B4,1.697800005786121
12,Hungarian,Radix B8,1.18010000733193
12,Hungarian,Radix B16,1.0562000243226066
12,Hungarian,Euler d1,22.408599994378164
12,Hungarian,Euler d2,33.64480000163894
12,Hungarian,Euler d3,39.04099999635946
12,Hungarian,Euler d4,44.35319997719489
12,WFA,BvN,0.11920000542886555
12,WFA,Radix B2,2.8313000075286254
12,WFA,Radix B4,1.4385999966179952
12,WFA,Radix B8,0.8641000022180378
12,WFA,Radix B16,0.8123000152409077
12,WFA,Euler d1,21.1688999843318
12,WFA,Euler d2,32.91140000510495
12,WFA,Euler d3,38.8863000262063
12,WFA,Euler d4,43.47319999942556
12,GW (dyn=stat),BvN,1.4698000013595447
12,GW (dyn=stat),Radix B2,2.7048999909311533
12,GW (dyn=stat),Radix B4,1.621800009161234
12,GW (dyn=stat),Radix B8,1.4271999971242622
12,GW (dyn=stat),Radix B16,1.120499990065582
12,GW (dyn=stat),Euler d1,22.243600004003383
12,GW (dyn=stat),Euler d2,33.922599992365576
12,GW (dyn=stat),Euler d3,39.31570000713691
12,GW (dyn=stat),Euler d4,45.858499986934476
13,Hungarian,BvN,1.2083000037819147
13,Hungarian,Radix B2,3.1347999902209267
13,Hungarian,Radix B4,1.6980000073090196
13,Hungarian,Radix B8,1.1989000049652532
13,Hungarian,Radix B16,1.0344000038458034
13,Hungarian,Euler d1,21.71139998245053
13,Hungarian,Euler d2,32.57350000785664
13,Hungarian,Euler d3,37.961600013659336
13,Hungarian,Euler d4,42.464399986783974
13,WFA,BvN,0.11160000576637685
13,WFA,Radix B2,2.789000005577691
13,WFA,Radix B4,1.4697999868076295
13,WFA,Radix B8,0.9280999947804958
13,WFA,Radix B16,0.8401999803027138
13,WFA,Euler d1,20.98630000546109
13,WFA,Euler d2,32.02309999323916
13,WFA,Euler d3,37.66979998908937
13,WFA,Euler d4,42.16470003302675
13,GW (dyn=stat),BvN,1.6193000046769157
13,GW (dyn=stat),Radix B2,3.122599999187514
13,GW (dyn=stat),Radix B4,1.729500014334917
13,GW (dyn=stat),Radix B8,1.1437000066507608
13,GW (dyn=stat),Radix B16,0.85120000585448
13,GW (dyn=stat),Euler d1,18.249100001412444
13,GW (dyn=stat),Euler d2,32.80939998512622
13,GW (dyn=stat),Euler d3,38.41229999670759
13,GW (dyn=stat),Euler d4,41.46119998767972
14,Hungarian,BvN,1.2109000090276822
14,Hungarian,Radix B2,2.674900009878911
14,Hungarian,Radix B4,1.5736000059405342
14,Hungarian,Radix B8,1.2098000006517395
14,Hungarian,Radix B16,1.044100004946813
14,Hungarian,Euler d1,19.349000009242445
14,Hungarian,Euler d2,31.715300006908365
14,Hungarian,Euler d3,36.10199998365715
14,Hungarian,Euler d4,39.672200015047565
14,WFA,BvN,0.1154000055976212
14,WFA,Radix B2,2.456100017298013
14,WFA,Radix B4,1.3487999967765063
14,WFA,Radix B8,0.8859000081429258
14,WFA,Radix B16,0.8437000069534406
14,WFA,Euler d1,19.000199987203814
14,WFA,Euler d2,32.396600014180876
14,WFA,Euler d3,36.36379998351913
14,WFA,Euler d4,39.00990002148319
14,GW (dyn=stat),BvN,1.6109999996842816
14,GW (dyn=stat),Radix B2,2.9273999971337616
14,GW (dyn=stat),Radix B4,1.7311000119661912
14,GW (dyn=stat),Radix B8,1.3935000024503097
14,GW (dyn=stat),Radix B16,1.1226000060560182
14,GW (dyn=stat),Euler d1,19.030600000405684
14,GW (dyn=stat),Euler d2,30.210900004021823
14,GW (dyn=stat),Euler d3,35.08140001213178
14,GW (dyn=stat),Euler d4,38.333699994836934
15,Hungarian,BvN,1.283499994315207
15,Hungarian,Radix B2,3.1355000101029873
15,Hungarian,Radix B4,1.712600002065301
15,Hungarian,Radix B8,1.2432999938027933
15,Hungarian,Radix B16,1.2661000073421746
15,Hungarian,Euler d1,21.27739999559708
15,Hungarian,Euler d2,31.714900003862567
15,Hungarian,Euler d3,36.87460000219289
15,Hungarian,Euler d4,39.20639997522812
15,WFA,BvN,0.09950000094249845
15,WFA,Radix B2,2.1275000035529956
15,WFA,Radix B4,1.110200013499707
15,WFA,Radix B8,0.702300007105805
15,WFA,Radix B16,0.6871000077808276
15,WFA,Euler d1,16.99709999957122
15,WFA,Euler d2,25.62870000838302
15,WFA,Euler d3,27.977399979135953
15,WFA,Euler d4,30.896199998096563
15,GW (dyn=stat),BvN,1.0096999903908
15,GW (dyn=stat),Radix B2,2.339300001040101
15,GW (dyn=stat),Radix B4,1.2813999928766862
15,GW (dyn=stat),Radix B8,1.206899993121624
15,GW (dyn=stat),Radix B16,0.8098000107565895
15,GW (dyn=stat),Euler d1,16.702900000382215
15,GW (dyn=stat),Euler d2,25.801500014495105
15,GW (dyn=stat),Euler d3,29.554600012488663
15,GW (dyn=stat),Euler d4,31.12799998780247
16,Hungarian,BvN,0.8054000063566491
16,Hungarian,Radix B2,2.2532999864779413
16,Hungarian,Radix B4,1.415199993061833
16,Hungarian,Radix B8,0.945399995543994
16,Hungarian,Radix B16,0.8126999891828746
16,Hungarian,Euler d1,18.549000000348315
16,Hungarian,Euler d2,27.387800000724383
16,Hungarian,Euler d3,31.355599989183247
16,Hungarian,Euler d4,32.63580001657829
16,WFA,BvN,0.09859999408945441
16,WFA,Radix B2,1.9669999892357737
16,WFA,Radix B4,1.3472999999066815
16,WFA,Radix B8,0.6836999964434654
16,WFA,Radix B16,0.6769000028725713
16,WFA,Euler d1,16.299099996103905
16,WFA,Euler d2,25.210699983290397
16,WFA,Euler d3,29.96099999290891
16,WFA,Euler d4,33.20629998052027
16,GW (dyn=stat),BvN,1.0409000096842647
16,GW (dyn=stat),Radix B2,2.2889999963808805
16,GW (dyn=stat),Radix B4,1.4629000070272014
16,GW (dyn=stat),Radix B8,1.1609000066528097
16,GW (dyn=stat),Radix B16,0.8281000045826659
16,GW (dyn=stat),Euler d1,17.791600010241382
16,GW (dyn=stat),Euler d2,27.01569997589104
16,GW (dyn=stat),Euler d3,33.26080001716036
16,GW (dyn=stat),Euler d4,35.12930001306813
17,Hungarian,BvN,1.0882000060519204
17,Hungarian,Radix B2,2.156899994588457
17,Hungarian,Radix B4,1.3070000131847337
17,Hungarian,Radix B8,1.0827000078279525
17,Hungarian,Radix B16,0.8036999788600951
17,Hungarian,Euler d1,17.054800016921945
17,Hungarian,Euler d2,26.618100018822588
17,Hungarian,Euler d3,30.73579998454079
17,Hungarian,Euler d4,33.817700008512475
17,WFA,BvN,0.11530000483617187
17,WFA,Radix B2,2.4852999922586605
17,WFA,Radix B4,1.3406000070972368
17,WFA,Radix B8,0.8731000125408173
17,WFA,Radix B16,0.8273999992525205
17,WFA,Euler d1,21.04820001113694
17,WFA,Euler d2,33.40899999602698
17,WFA,Euler d3,35.65740000340156
17,WFA,Euler d4,46.648400006233715
17,GW (dyn=stat),BvN,1.5541000029770657
17,GW (dyn=stat),Radix B2,2.9677999846171588
17,GW (dyn=stat),Radix B4,1.615400004084222
17,GW (dyn=stat),Radix B8,1.428999996278435
17,GW (dyn=stat),Radix B16,1.101399990147911
17,GW (dyn=stat),Euler d1,20.83489998767618
17,GW (dyn=stat),Euler d2,32.65530000498984
17,GW (dyn=stat),Euler d3,38.57640002388507
17,GW (dyn=stat),Euler d4,42.045700014568865
18,Hungarian,BvN,0.8541999995941296
18,Hungarian,Radix B2,2.677999989828095
18,Hungarian,Radix B4,1.319799994234927
18,Hungarian,Radix B8,0.9153999999398366
18,Hungarian,Radix B16,0.8563000010326505
18,Hungarian,Euler d1,18.13560001028236
18,Hungarian,Euler d2,28.51479998207651
18,Hungarian,Euler d3,31.590300000971183
18,Hungarian,Euler d4,41.93160000431817
18,WFA,BvN,0.1142999972216785
18,WFA,Radix B2,3.0507999908877537
18,WFA,Radix B4,1.494800002546981
18,WFA,Radix B8,0.9251000010408461
18,WFA,Radix B16,0.8739999902900308
18,WFA,Euler d1,20.624299984774552
18,WFA,Euler d2,31.815599984838627
18,WFA,Euler d3,36.53099997609388
18,WFA,Euler d4,38.606999965850264
18,GW (dyn=stat),BvN,1.227799992193468
18,GW (dyn=stat),Radix B2,2.106100000673905
18,GW (dyn=stat),Radix B4,1.2515999987954274
18,GW (dyn=stat),Radix B8,1.0901000059675425
18,GW (dyn=stat),Radix B16,0.832799996715039
18,GW (dyn=stat),Euler d1,20.497700010309927
18,GW (dyn=stat),Euler d2,34.872000018367544
18,GW (dyn=stat),Euler d3,40.732400011620484
18,GW (dyn=stat),Euler d4,44.24389998894185
19,Hungarian,BvN,1.3337999989744276
19,Hungarian,Radix B2,3.2007999980123714
19,Hungarian,Radix B4,1.6958000051090494
19,Hungarian,Radix B8,1.233000002685003
19,Hungarian,Radix B16,1.073300009011291
19,Hungarian,Euler d1,23.550500016426668
19,Hungarian,Euler d2,34.65489999507554
19,Hungarian,Euler d3,41.60920000867918
19,Hungarian,Euler d4,45.281499973498285
19,WFA,BvN,0.12399999832268804
19,WFA,Radix B2,2.920400002039969
19,WFA,Radix B4,1.4054999919608235
19,WFA,Radix B8,0.8854999905452132
19,WFA,Radix B16,0.8393000171054155
19,WFA,Euler d1,21.693200003937818
19,WFA,Euler d2,34.34890000789892
19,WFA,Euler d3,32.46820000640582
19,WFA,Euler d4,43.943600001512095
19,GW (dyn=stat),BvN,1.542199999676086
19,GW (dyn=stat),Radix B2,2.6910000015050173
19,GW (dyn=stat),Radix B4,1.6476000018883497
19,GW (dyn=stat),Radix B8,1.4399999927263707
19,GW (dyn=stat),Radix B16,1.1192999954801053
19,GW (dyn=stat),Euler d1,22.750099989934824
19,GW (dyn=stat),Euler d2,34.85969999746885
19,GW (dyn=stat),Euler d3,40.42880001361482
19,GW (dyn=stat),Euler d4,44.101700026658364
20,Hungarian,BvN,1.2805000005755574
20,Hungarian,Radix B2,2.9510000022128224
20,Hungarian,Radix B4,1.6891999839572236
20,Hungarian,Radix B8,1.261999990674667
20,Hungarian,Radix B16,1.0400000028312206
20,Hungarian,Euler d1,21.904299996094778
20,Hungarian,Euler d2,34.23049999400973
20,Hungarian,Euler d3,39.9778000137303
20,Hungarian,Euler d4,43.357099988497794
20,WFA,BvN,0.11670000094454736
20,WFA,Radix B2,2.413800000795163
20,WFA,Radix B4,1.3494000013452023
20,WFA,Radix B8,0.8674999990034848
20,WFA,Radix B16,1.0809000086737797
20,WFA,Euler d1,21.43429999705404
20,WFA,Euler d2,32.632500006002374
20,WFA,Euler d3,39.941800001543015
20,WFA,Euler d4,45.4427999939071
20,GW (dyn=stat),BvN,1.6602999967290089
20,GW (dyn=stat),Radix B2,3.0666000093333423
20,GW (dyn=stat),Radix B4,1.753599994117394
20,GW (dyn=stat),Radix B8,1.443700006348081
20,GW (dyn=stat),Radix B16,1.1303999926894903
20,GW (dyn=stat),Euler d1,20.93830000376329
20,GW (dyn=stat),Euler d2,32.75009999924805
20,GW (dyn=stat),Euler d3,39.598899995326065
20,GW (dyn=stat),Euler d4,42.318099993281066
21,Hungarian,BvN,1.3517000043066218
21,Hungarian,Radix B2,2.8443000046536326
21,Hungarian,Radix B4,1.713899997412227
21,Hungarian,Radix B8,1.2034000101266429
21,Hungarian,Radix B16,1.0575999913271517
21,Hungarian,Euler d1,21.968200002447702
21,Hungarian,Euler d2,32.97859999292996
21,Hungarian,Euler d3,39.052199994330294
21,Hungarian,Euler d4,43.285200008540414
21,WFA,BvN,0.109200002043508
21,WFA,Radix B2,2.3879999935161322
21,WFA,Radix B4,1.3188000011723489
21,WFA,Radix B8,0.8629999938420951
21,WFA,Radix B16,0.8127999899443239
21,WFA,Euler d1,20.660700000007637
21,WFA,Euler d2,31.75149999151472
21,WFA,Euler d3,37.83970000222325
21,WFA,Euler d4,42.78329999942798
21,GW (dyn=stat),BvN,1.5353999915532768
21,GW (dyn=stat),Radix B2,3.0777999927522615
21,GW (dyn=stat),Radix B4,1.699300017207861
21,GW (dyn=stat),Radix B8,1.4583000011043623
21,GW (dyn=stat),Radix B16,1.138899999205023
21,GW (dyn=stat),Euler d1,22.717500003636815
21,GW (dyn=stat),Euler d2,32.51330000057351
21,GW (dyn=stat),Euler d3,38.46129999146797
21,GW (dyn=stat),Euler d4,43.35999999602791
22,Hungarian,BvN,1.3715999957639724
22,Hungarian,Radix B2,2.9039000073680654
22,Hungarian,Radix B4,1.690799996140413
22,Hungarian,Radix B8,1.2361999979475513
22,Hungarian,Radix B16,1.0286999895470217
22,Hungarian,Euler d1,21.54240000527352
22,Hungarian,Euler d2,31.117900012759492
22,Hungarian,Euler d3,37.60000001057051
22,Hungarian,Euler d4,40.441000019200146
22,WFA,BvN,0.1179000100819394
22,WFA,Radix B2,2.481799994711764
22,WFA,Radix B4,1.406800001859665
22,WFA,Radix B8,0.8860000089043751
22,WFA,Radix B16,0.8338000043295324
22,WFA,Euler d1,19.86909999686759
22,WFA,Euler d2,30.62690001388546
22,WFA,Euler d3,37.58420002122875
22,WFA,Euler d4,38.6346000013873
22,GW (dyn=stat),BvN,1.54159999510739
22,GW (dyn=stat),Radix B2,2.678299992112443
22,GW (dyn=stat),Radix B4,1.664099982008338
22,GW (dyn=stat),Radix B8,1.4096000086283311
22,GW (dyn=stat),Radix B16,1.1079000105382875
22,GW (dyn=stat),Euler d1,20.05479999934323
22,GW (dyn=stat),Euler d2,29.982399995788
22,GW (dyn=stat),Euler d3,34.598899976117536
22,GW (dyn=stat),Euler d4,39.055900007952005
23,Hungarian,BvN,1.1270999966654927
23,Hungarian,Radix B2,2.6132000057259575
23,Hungarian,Radix B4,1.6234999930020422
23,Hungarian,Radix B8,1.2062000023433939
23,Hungarian,Radix B16,1.0383000044384971
23,Hungarian,Euler d1,21.07669999531936
23,Hungarian,Euler d2,32.38889999920502
23,Hungarian,Euler d3,36.63799997593742
23,Hungarian,Euler d4,38.64679999242071
23,WFA,BvN,0.12830000196117908
23,WFA,Radix B2,3.0660000047646463
23,WFA,Radix B4,1.4519999967887998
23,WFA,Radix B8,0.8744999940972775
23,WFA,Radix B16,0.8477000083075836
23,WFA,Euler d1,19.967899992479943
23,WFA,Euler d2,32.639700002619065
23,WFA,Euler d3,37.49130001233425
23,WFA,Euler d4,42.81370001262985
23,GW (dyn=stat),BvN,1.6140999941853806
23,GW (dyn=stat),Radix B2,2.9417000041576102
23,GW (dyn=stat),Radix B4,1.7642000020714477
23,GW (dyn=stat),Radix B8,1.4143000007607043
23,GW (dyn=stat),Radix B16,1.1414000036893412
23,GW (dyn=stat),Euler d1,20.17889999842737
23,GW (dyn=stat),Euler d2,30.74610000476241
23,GW (dyn=stat),Euler d3,36.26680001616478
23,GW (dyn=stat),Euler d4,41.61559998465236
24,Hungarian,BvN,1.2412000069161877
24,Hungarian,Radix B2,2.835200008121319
24,Hungarian,Radix B4,1.5599999896949157
24,Hungarian,Radix B8,1.1134999949717894
24,Hungarian,Radix B16,1.0599000088404864
24,Hungarian,Euler d1,21.924400003626943
24,Hungarian,Euler d2,33.50289999798406
24,Hungarian,Euler d3,39.510000016889535
24,Hungarian,Euler d4,46.18530000152532
24,WFA,BvN,0.11920000542886555
24,WFA,Radix B2,2.6246000197716057
24,WFA,Radix B4,1.4365999959409237
24,WFA,Radix B8,0.8068999886745587
24,WFA,Radix B16,0.7400000031339005
24,WFA,Euler d1,22.56389999820385
24,WFA,Euler d2,33.45350000017788
24,WFA,Euler d3,39.23209999629762
24,WFA,Euler d4,42.7971000171965
24,GW (dyn=stat),BvN,1.476600009482354
24,GW (dyn=stat),Radix B2,2.6677000132622197
24,GW (dyn=stat),Radix B4,1.6139999934239313
24,GW (dyn=stat),Radix B8,1.4438999933190644
24,GW (dyn=stat),Radix B16,1.095800005714409
24,GW (dyn=stat),Euler d1,21.708800006308593
24,GW (dyn=stat),Euler d2,32.36600001400802
24,GW (dyn=stat),Euler d3,39.250500019988976
24,GW (dyn=stat),Euler d4,41.81930002232548
25,Hungarian,BvN,1.0583999974187464
25,Hungarian,Radix B2,2.1628999966196716
25,Hungarian,Radix B4,1.4147000038065016
25,Hungarian,Radix B8,1.281300006667152
25,Hungarian,Radix B16,0.923500003409572
25,Hungarian,Euler d1,17.851199983851984
25,Hungarian,Euler d2,28.465699986554682
25,Hungarian,Euler d3,30.693399981828406
25,Hungarian,Euler d4,32.96840001712553
25,WFA,BvN,0.09240000508725643
25,WFA,Radix B2,1.981199995498173
25,WFA,Radix B4,1.2036999978590757
25,WFA,Radix B8,0.7516999903600663
25,WFA,Radix B16,0.6883000023663044
25,WFA,Euler d1,16.11640000191983
25,WFA,Euler d2,25.06140002515167
25,WFA,Euler d3,29.90400000999216
25,WFA,Euler d4,32.76310001092497
25,GW (dyn=stat),BvN,1.4459999947575852
25,GW (dyn=stat),Radix B2,2.744199999142438
25,GW (dyn=stat),Radix B4,1.6321000002790242
25,GW (dyn=stat),Radix B8,1.436699996702373
25,GW (dyn=stat),Radix B16,1.1134999949717894
25,GW (dyn=stat),Euler d1,21.20229999127332
25,GW (dyn=stat),Euler d2,31.93389998341445
25,GW (dyn=stat),Euler d3,37.9737000039313
25,GW (dyn=stat),Euler d4,41.097700013779104
26,Hungarian,BvN,1.3192000042181462
26,Hungarian,Radix B2,2.661499980604276
26,Hungarian,Radix B4,1.5751000173622742
26,Hungarian,Radix B8,1.2048999924445525
26,Hungarian,Radix B16,1.0482000070624053
26,Hungarian,Euler d1,21.818400011397898
26,Hungarian,Euler d2,33.714799996232614
26,Hungarian,Euler d3,34.2448000155855
26,Hungarian,Euler d4,41.60250000131782
26,WFA,BvN,0.1210999907925725
26,WFA,Radix B2,2.851500001270324
26,WFA,Radix B4,1.3192999904276803
26,WFA,Radix B8,0.7942000083858147
26,WFA,Radix B16,0.7691999926464632
26,WFA,Euler d1,19.621100000222214
26,WFA,Euler d2,30.476599975372665
26,WFA,Euler d3,39.97779999917839
26,WFA,Euler d4,39.62830000091344
26,GW (dyn=stat),BvN,1.4436999917961657
26,GW (dyn=stat),Radix B2,2.8593000024557114
26,GW (dyn=stat),Radix B4,1.709599993773736
26,GW (dyn=stat),Radix B8,1.4907000149833038
26,GW (dyn=stat),Radix B16,1.1602999875321984
26,GW (dyn=stat),Euler d1,20.81190000171773
26,GW (dyn=stat),Euler d2,34.561199994641356
26,GW (dyn=stat),Euler d3,41.27550001430791
26,GW (dyn=stat),Euler d4,42.15849998581689
27,Hungarian,BvN,1.2378999963402748
27,Hungarian,Radix B2,3.0030999914743006
27,Hungarian,Radix B4,1.5746999997645617
27,Hungarian,Radix B8,1.1288999958196655
27,Hungarian,Radix B16,0.9492999815847725
27,Hungarian,Euler d1,20.406600015121512
27,Hungarian,Euler d2,33.555399990291335
27,Hungarian,Euler d3,37.57830001995899
27,Hungarian,Euler d4,42.35639999387786
27,WFA,BvN,0.1396000006934628
27,WFA,Radix B2,2.5391999952262267
27,WFA,Radix B4,1.357000001007691
27,WFA,Radix B8,0.7290000066859648
27,WFA,Radix B16,0.6928999937372282
27,WFA,Euler d1,20.75429999968037
27,WFA,Euler d2,30.009100009920076
27,WFA,Euler d3,36.584699992090464
27,WFA,Euler d4,40.09699997550342
27,GW (dyn=stat),BvN,1.370800004224293
27,GW (dyn=stat),Radix B2,2.533400009269826
27,GW (dyn=stat),Radix B4,1.5183000068645924
27,GW (dyn=stat),Radix B8,1.319499991950579
27,GW (dyn=stat),Radix B16,1.029699997161515
27,GW (dyn=stat),Euler d1,20.53719999094028
27,GW (dyn=stat),Euler d2,29.446899992763065
27,GW (dyn=stat),Euler d3,36.39450001355726
27,GW (dyn=stat),Euler d4,38.76079998735804
28,Hungarian,BvN,0.9742000111145899
28,Hungarian,Radix B2,2.4279000208480284
28,Hungarian,Radix B4,1.4826999977231026
28,Hungarian,Radix B8,1.2294999905861914
28,Hungarian,Radix B16,0.9901000012177974
28,Hungarian,Euler d1,22.87070000602398
28,Hungarian,Euler d2,34.689699998125434
28,Hungarian,Euler d3,39.135099985287525
28,Hungarian,Euler d4,45.002900005783886
28,WFA,BvN,0.11930000619031489
28,WFA,Radix B2,2.335899989702739
28,WFA,Radix B4,1.3685000012628734
28,WFA,Radix B8,0.8230999956140295
28,WFA,Radix B16,0.8111000061035156
28,WFA,Euler d1,21.864499998628162
28,WFA,Euler d2,33.33140000177082
28,WFA,Euler d3,39.69380000489764
28,WFA,Euler d4,41.46589999436401
28,GW (dyn=stat),BvN,1.5069999935803935
28,GW (dyn=stat),Radix B2,2.5785999896470457
28,GW (dyn=stat),Radix B4,1.6387000068789348
28,GW (dyn=stat),Radix B8,1.4041999966138974
28,GW (dyn=stat),Radix B16,1.0697000107029453
28,GW (dyn=stat),Euler d1,22.186700007296167
28,GW (dyn=stat),Euler d2,33.87450000445824
28,GW (dyn=stat),Euler d3,38.163200006238185
28,GW (dyn=stat),Euler d4,44.37359997245949
29,Hungarian,BvN,1.3316999975359067
29,Hungarian,Radix B2,2.9316000145627186
29,Hungarian,Radix B4,1.6789000073913485
29,Hungarian,Radix B8,1.1454000050434843
29,Hungarian,Radix B16,0.982900004601106
29,Hungarian,Euler d1,22.926000005099922
29,Hungarian,Euler d2,33.18779999972321
29,Hungarian,Euler d3,31.606999997165985
29,Hungarian,Euler d4,33.64410001086071
29,WFA,BvN,0.10140000085812062
29,WFA,Radix B2,2.1453999943332747
29,WFA,Radix B4,1.1738999892259017
29,WFA,Radix B8,0.6854999955976382
29,WFA,Radix B16,0.6903000030433759
29,WFA,Euler d1,16.773499999544583
29,WFA,Euler d2,26.329600004828535
29,WFA,Euler d3,32.164300020667724
29,WFA,Euler d4,43.47879998385906
29,GW (dyn=stat),BvN,1.4325000083772466
29,GW (dyn=stat),Radix B2,2.7113000105600804
29,GW (dyn=stat),Radix B4,1.7325000080745667
29,GW (dyn=stat),Radix B8,1.4096999948378652
29,GW (dyn=stat),Radix B16,1.1247999937040731
29,GW (dyn=stat),Euler d1,22.3404999851482
29,GW (dyn=stat),Euler d2,34.96709998580627
29,GW (dyn=stat),Euler d3,40.47110000101384
29,GW (dyn=stat),Euler d4,43.21889999846462
